/*
 Navicat Premium Data Transfer

 Source Server         : localhost
 Source Server Type    : MySQL
 Source Server Version : 80028
 Source Host           : localhost:3306
 Source Schema         : csurp_db

 Target Server Type    : MySQL
 Target Server Version : 80028
 File Encoding         : 65001

 Date: 27/04/2023 23:31:51
*/

SET NAMES utf8mb4;
SET FOREIGN_KEY_CHECKS = 0;

-- ----------------------------
-- Table structure for csurp_company
-- ----------------------------
DROP TABLE IF EXISTS `csurp_company`;
CREATE TABLE `csurp_company` (
  `id` bigint NOT NULL AUTO_INCREMENT COMMENT 'ID',
  `name` varchar(32) CHARACTER SET utf8mb4 COLLATE utf8mb4_general_ci NOT NULL COMMENT '公司名称',
  `industry` char(1) CHARACTER SET utf8mb4 COLLATE utf8mb4_general_ci NOT NULL COMMENT '所属行业',
  `area` varchar(32) CHARACTER SET utf8mb4 COLLATE utf8mb4_general_ci DEFAULT NULL COMMENT '地区',
  `status` char(1) CHARACTER SET utf8mb4 COLLATE utf8mb4_general_ci DEFAULT '0' COMMENT '状态（0-待审核，1-审核中，2-已审核）',
  `create_by` varchar(64) CHARACTER SET utf8mb4 COLLATE utf8mb4_general_ci DEFAULT '' COMMENT '创建者',
  `create_time` datetime DEFAULT NULL COMMENT '创建时间',
  `update_by` varchar(64) CHARACTER SET utf8mb4 COLLATE utf8mb4_general_ci DEFAULT '' COMMENT '更新者',
  `update_time` datetime DEFAULT NULL COMMENT '更新时间',
  `remark` varchar(500) CHARACTER SET utf8mb4 COLLATE utf8mb4_general_ci DEFAULT NULL COMMENT '备注',
  PRIMARY KEY (`id`)
) ENGINE=InnoDB AUTO_INCREMENT=3 DEFAULT CHARSET=utf8mb4 COLLATE=utf8mb4_general_ci COMMENT='公司信息';

-- ----------------------------
-- Records of csurp_company
-- ----------------------------
BEGIN;
INSERT INTO `csurp_company` (`id`, `name`, `industry`, `area`, `status`, `create_by`, `create_time`, `update_by`, `update_time`, `remark`) VALUES (1, 'xxx科技公司', '7', '北京市朝阳区朝阳路66号', '1', '', '2023-04-26 22:51:33', '', '2023-04-27 23:30:42', NULL);
INSERT INTO `csurp_company` (`id`, `name`, `industry`, `area`, `status`, `create_by`, `create_time`, `update_by`, `update_time`, `remark`) VALUES (2, 'xxx电力公司', '3', '上海市陆家嘴', '0', '', '2023-04-26 22:52:06', '', NULL, NULL);
COMMIT;

-- ----------------------------
-- Table structure for csurp_index
-- ----------------------------
DROP TABLE IF EXISTS `csurp_index`;
CREATE TABLE `csurp_index` (
  `id` bigint NOT NULL AUTO_INCREMENT COMMENT 'id',
  `parent_id` bigint NOT NULL DEFAULT '0' COMMENT '父id',
  `company_id` bigint NOT NULL COMMENT '公司id',
  `name` varchar(32) CHARACTER SET utf8mb4 COLLATE utf8mb4_general_ci NOT NULL DEFAULT '' COMMENT '指标名称',
  `sort` int DEFAULT '0' COMMENT '显示顺序',
  `nature` varchar(3) CHARACTER SET utf8mb4 COLLATE utf8mb4_general_ci DEFAULT NULL COMMENT '性质',
  `qualitative` varchar(300) CHARACTER SET utf8mb4 COLLATE utf8mb4_general_ci DEFAULT NULL COMMENT '定性：文本框用户输入文字（300字）',
  `quantify` varchar(32) CHARACTER SET utf8mb4 COLLATE utf8mb4_general_ci DEFAULT NULL COMMENT '定量：文本框用户输入对应数值，给出单位）',
  `illustrate` varchar(255) CHARACTER SET utf8mb4 COLLATE utf8mb4_general_ci DEFAULT NULL COMMENT '填写说明',
  `score` varchar(50) CHARACTER SET utf8mb4 COLLATE utf8mb4_general_ci DEFAULT NULL COMMENT '指标评分',
  `create_by` varchar(64) CHARACTER SET utf8mb4 COLLATE utf8mb4_general_ci DEFAULT '' COMMENT '创建者',
  `create_time` datetime DEFAULT NULL COMMENT '创建时间',
  `update_by` varchar(64) CHARACTER SET utf8mb4 COLLATE utf8mb4_general_ci DEFAULT '' COMMENT '更新者',
  `update_time` datetime DEFAULT NULL COMMENT '更新时间',
  `remark` varchar(500) CHARACTER SET utf8mb4 COLLATE utf8mb4_general_ci DEFAULT NULL COMMENT '备注',
  PRIMARY KEY (`id`)
) ENGINE=InnoDB AUTO_INCREMENT=7 DEFAULT CHARSET=utf8mb4 COLLATE=utf8mb4_general_ci COMMENT='指标';

-- ----------------------------
-- Records of csurp_index
-- ----------------------------
BEGIN;
INSERT INTO `csurp_index` (`id`, `parent_id`, `company_id`, `name`, `sort`, `nature`, `qualitative`, `quantify`, `illustrate`, `score`, `create_by`, `create_time`, `update_by`, `update_time`, `remark`) VALUES (1, 0, 1, '员工权益', 0, NULL, NULL, NULL, NULL, NULL, '', '2023-04-27 14:25:08', '', NULL, NULL);
INSERT INTO `csurp_index` (`id`, `parent_id`, `company_id`, `name`, `sort`, `nature`, `qualitative`, `quantify`, `illustrate`, `score`, `create_by`, `create_time`, `update_by`, `update_time`, `remark`) VALUES (2, 1, 1, '员工福利', 0, '0', '聚餐，团建，年会，旅游，节假日礼物', NULL, '说明公司员工福利，聚餐，团建，年会，旅游，节假日礼物等', '1', '', '2023-04-27 15:52:55', '', NULL, NULL);
INSERT INTO `csurp_index` (`id`, `parent_id`, `company_id`, `name`, `sort`, `nature`, `qualitative`, `quantify`, `illustrate`, `score`, `create_by`, `create_time`, `update_by`, `update_time`, `remark`) VALUES (3, 1, 1, '员工平均工资', 1, '1', NULL, '4000 元', NULL, '0.88', '', '2023-04-27 15:56:16', '', NULL, NULL);
INSERT INTO `csurp_index` (`id`, `parent_id`, `company_id`, `name`, `sort`, `nature`, `qualitative`, `quantify`, `illustrate`, `score`, `create_by`, `create_time`, `update_by`, `update_time`, `remark`) VALUES (4, 0, 1, '社会贡献', 1, NULL, NULL, NULL, NULL, NULL, '', '2023-04-27 15:57:00', '', NULL, NULL);
INSERT INTO `csurp_index` (`id`, `parent_id`, `company_id`, `name`, `sort`, `nature`, `qualitative`, `quantify`, `illustrate`, `score`, `create_by`, `create_time`, `update_by`, `update_time`, `remark`) VALUES (5, 4, 1, '慈善捐款', 0, '0,1', '捐赠', '30万元', '包括各类财物捐赠和义务服务。特别是对城市贫困群体的支持。', '1', '', '2023-04-27 15:59:50', '', NULL, NULL);
INSERT INTO `csurp_index` (`id`, `parent_id`, `company_id`, `name`, `sort`, `nature`, `qualitative`, `quantify`, `illustrate`, `score`, `create_by`, `create_time`, `update_by`, `update_time`, `remark`) VALUES (6, 1, 1, '产假/陪产假后保留工作的员工比例', 2, '1', NULL, '36%', NULL, '0.36', '', '2023-04-27 19:51:22', '', '2023-04-27 19:51:41', NULL);
COMMIT;

-- ----------------------------
-- Table structure for gen_table
-- ----------------------------
DROP TABLE IF EXISTS `gen_table`;
CREATE TABLE `gen_table` (
  `table_id` bigint NOT NULL AUTO_INCREMENT COMMENT '编号',
  `table_name` varchar(200) CHARACTER SET utf8mb4 COLLATE utf8mb4_general_ci DEFAULT '' COMMENT '表名称',
  `table_comment` varchar(500) CHARACTER SET utf8mb4 COLLATE utf8mb4_general_ci DEFAULT '' COMMENT '表描述',
  `sub_table_name` varchar(64) CHARACTER SET utf8mb4 COLLATE utf8mb4_general_ci DEFAULT NULL COMMENT '关联子表的表名',
  `sub_table_fk_name` varchar(64) CHARACTER SET utf8mb4 COLLATE utf8mb4_general_ci DEFAULT NULL COMMENT '子表关联的外键名',
  `class_name` varchar(100) CHARACTER SET utf8mb4 COLLATE utf8mb4_general_ci DEFAULT '' COMMENT '实体类名称',
  `tpl_category` varchar(200) CHARACTER SET utf8mb4 COLLATE utf8mb4_general_ci DEFAULT 'crud' COMMENT '使用的模板（crud单表操作 tree树表操作）',
  `package_name` varchar(100) CHARACTER SET utf8mb4 COLLATE utf8mb4_general_ci DEFAULT NULL COMMENT '生成包路径',
  `module_name` varchar(30) CHARACTER SET utf8mb4 COLLATE utf8mb4_general_ci DEFAULT NULL COMMENT '生成模块名',
  `business_name` varchar(30) CHARACTER SET utf8mb4 COLLATE utf8mb4_general_ci DEFAULT NULL COMMENT '生成业务名',
  `function_name` varchar(50) CHARACTER SET utf8mb4 COLLATE utf8mb4_general_ci DEFAULT NULL COMMENT '生成功能名',
  `function_author` varchar(50) CHARACTER SET utf8mb4 COLLATE utf8mb4_general_ci DEFAULT NULL COMMENT '生成功能作者',
  `gen_type` char(1) CHARACTER SET utf8mb4 COLLATE utf8mb4_general_ci DEFAULT '0' COMMENT '生成代码方式（0zip压缩包 1自定义路径）',
  `gen_path` varchar(200) CHARACTER SET utf8mb4 COLLATE utf8mb4_general_ci DEFAULT '/' COMMENT '生成路径（不填默认项目路径）',
  `options` varchar(1000) CHARACTER SET utf8mb4 COLLATE utf8mb4_general_ci DEFAULT NULL COMMENT '其它生成选项',
  `create_by` varchar(64) CHARACTER SET utf8mb4 COLLATE utf8mb4_general_ci DEFAULT '' COMMENT '创建者',
  `create_time` datetime DEFAULT NULL COMMENT '创建时间',
  `update_by` varchar(64) CHARACTER SET utf8mb4 COLLATE utf8mb4_general_ci DEFAULT '' COMMENT '更新者',
  `update_time` datetime DEFAULT NULL COMMENT '更新时间',
  `remark` varchar(500) CHARACTER SET utf8mb4 COLLATE utf8mb4_general_ci DEFAULT NULL COMMENT '备注',
  PRIMARY KEY (`table_id`) USING BTREE
) ENGINE=InnoDB AUTO_INCREMENT=3 DEFAULT CHARSET=utf8mb4 COLLATE=utf8mb4_general_ci ROW_FORMAT=DYNAMIC COMMENT='代码生成业务表';

-- ----------------------------
-- Records of gen_table
-- ----------------------------
BEGIN;
INSERT INTO `gen_table` (`table_id`, `table_name`, `table_comment`, `sub_table_name`, `sub_table_fk_name`, `class_name`, `tpl_category`, `package_name`, `module_name`, `business_name`, `function_name`, `function_author`, `gen_type`, `gen_path`, `options`, `create_by`, `create_time`, `update_by`, `update_time`, `remark`) VALUES (1, 'csurp_company', '公司信息', NULL, NULL, 'CsurpCompany', 'crud', 'com.ruoyi.csrup', 'csrup', 'csurpCompany', '公司信息', 'ruoyi', '0', '/', '{\"parentMenuId\":2056}', 'admin', '2023-04-26 22:20:08', '', '2023-04-26 22:33:54', NULL);
INSERT INTO `gen_table` (`table_id`, `table_name`, `table_comment`, `sub_table_name`, `sub_table_fk_name`, `class_name`, `tpl_category`, `package_name`, `module_name`, `business_name`, `function_name`, `function_author`, `gen_type`, `gen_path`, `options`, `create_by`, `create_time`, `update_by`, `update_time`, `remark`) VALUES (2, 'csurp_index', '指标', NULL, NULL, 'CsurpIndex', 'crud', 'com.ruoyi.csrup', 'csrup', 'csurpIndex', '指标', 'ruoyi', '0', '/', '{\"parentMenuId\":2056}', 'admin', '2023-04-26 22:20:08', '', '2023-04-26 22:36:30', NULL);
COMMIT;

-- ----------------------------
-- Table structure for gen_table_column
-- ----------------------------
DROP TABLE IF EXISTS `gen_table_column`;
CREATE TABLE `gen_table_column` (
  `column_id` bigint NOT NULL AUTO_INCREMENT COMMENT '编号',
  `table_id` varchar(64) CHARACTER SET utf8mb4 COLLATE utf8mb4_general_ci DEFAULT NULL COMMENT '归属表编号',
  `column_name` varchar(200) CHARACTER SET utf8mb4 COLLATE utf8mb4_general_ci DEFAULT NULL COMMENT '列名称',
  `column_comment` varchar(500) CHARACTER SET utf8mb4 COLLATE utf8mb4_general_ci DEFAULT NULL COMMENT '列描述',
  `column_type` varchar(100) CHARACTER SET utf8mb4 COLLATE utf8mb4_general_ci DEFAULT NULL COMMENT '列类型',
  `java_type` varchar(500) CHARACTER SET utf8mb4 COLLATE utf8mb4_general_ci DEFAULT NULL COMMENT 'JAVA类型',
  `java_field` varchar(200) CHARACTER SET utf8mb4 COLLATE utf8mb4_general_ci DEFAULT NULL COMMENT 'JAVA字段名',
  `is_pk` char(1) CHARACTER SET utf8mb4 COLLATE utf8mb4_general_ci DEFAULT NULL COMMENT '是否主键（1是）',
  `is_increment` char(1) CHARACTER SET utf8mb4 COLLATE utf8mb4_general_ci DEFAULT NULL COMMENT '是否自增（1是）',
  `is_required` char(1) CHARACTER SET utf8mb4 COLLATE utf8mb4_general_ci DEFAULT NULL COMMENT '是否必填（1是）',
  `is_insert` char(1) CHARACTER SET utf8mb4 COLLATE utf8mb4_general_ci DEFAULT NULL COMMENT '是否为插入字段（1是）',
  `is_edit` char(1) CHARACTER SET utf8mb4 COLLATE utf8mb4_general_ci DEFAULT NULL COMMENT '是否编辑字段（1是）',
  `is_list` char(1) CHARACTER SET utf8mb4 COLLATE utf8mb4_general_ci DEFAULT NULL COMMENT '是否列表字段（1是）',
  `is_query` char(1) CHARACTER SET utf8mb4 COLLATE utf8mb4_general_ci DEFAULT NULL COMMENT '是否查询字段（1是）',
  `query_type` varchar(200) CHARACTER SET utf8mb4 COLLATE utf8mb4_general_ci DEFAULT 'EQ' COMMENT '查询方式（等于、不等于、大于、小于、范围）',
  `html_type` varchar(200) CHARACTER SET utf8mb4 COLLATE utf8mb4_general_ci DEFAULT NULL COMMENT '显示类型（文本框、文本域、下拉框、复选框、单选框、日期控件）',
  `dict_type` varchar(200) CHARACTER SET utf8mb4 COLLATE utf8mb4_general_ci DEFAULT '' COMMENT '字典类型',
  `sort` int DEFAULT NULL COMMENT '排序',
  `create_by` varchar(64) CHARACTER SET utf8mb4 COLLATE utf8mb4_general_ci DEFAULT '' COMMENT '创建者',
  `create_time` datetime DEFAULT NULL COMMENT '创建时间',
  `update_by` varchar(64) CHARACTER SET utf8mb4 COLLATE utf8mb4_general_ci DEFAULT '' COMMENT '更新者',
  `update_time` datetime DEFAULT NULL COMMENT '更新时间',
  PRIMARY KEY (`column_id`) USING BTREE
) ENGINE=InnoDB AUTO_INCREMENT=24 DEFAULT CHARSET=utf8mb4 COLLATE=utf8mb4_general_ci ROW_FORMAT=DYNAMIC COMMENT='代码生成业务表字段';

-- ----------------------------
-- Records of gen_table_column
-- ----------------------------
BEGIN;
INSERT INTO `gen_table_column` (`column_id`, `table_id`, `column_name`, `column_comment`, `column_type`, `java_type`, `java_field`, `is_pk`, `is_increment`, `is_required`, `is_insert`, `is_edit`, `is_list`, `is_query`, `query_type`, `html_type`, `dict_type`, `sort`, `create_by`, `create_time`, `update_by`, `update_time`) VALUES (1, '1', 'id', 'ID', 'bigint', 'Long', 'id', '1', '1', NULL, '1', NULL, NULL, NULL, 'EQ', 'input', '', 1, 'admin', '2023-04-26 22:20:08', '', '2023-04-26 22:33:54');
INSERT INTO `gen_table_column` (`column_id`, `table_id`, `column_name`, `column_comment`, `column_type`, `java_type`, `java_field`, `is_pk`, `is_increment`, `is_required`, `is_insert`, `is_edit`, `is_list`, `is_query`, `query_type`, `html_type`, `dict_type`, `sort`, `create_by`, `create_time`, `update_by`, `update_time`) VALUES (2, '1', 'name', '公司名称', 'varchar(32)', 'String', 'name', '0', '0', '1', '1', '1', '1', '1', 'LIKE', 'input', '', 2, 'admin', '2023-04-26 22:20:08', '', '2023-04-26 22:33:54');
INSERT INTO `gen_table_column` (`column_id`, `table_id`, `column_name`, `column_comment`, `column_type`, `java_type`, `java_field`, `is_pk`, `is_increment`, `is_required`, `is_insert`, `is_edit`, `is_list`, `is_query`, `query_type`, `html_type`, `dict_type`, `sort`, `create_by`, `create_time`, `update_by`, `update_time`) VALUES (3, '1', 'industry', '所属行业', 'char(1)', 'String', 'industry', '0', '0', '1', '1', '1', '1', '1', 'EQ', 'select', 'industry_type', 3, 'admin', '2023-04-26 22:20:08', '', '2023-04-26 22:33:54');
INSERT INTO `gen_table_column` (`column_id`, `table_id`, `column_name`, `column_comment`, `column_type`, `java_type`, `java_field`, `is_pk`, `is_increment`, `is_required`, `is_insert`, `is_edit`, `is_list`, `is_query`, `query_type`, `html_type`, `dict_type`, `sort`, `create_by`, `create_time`, `update_by`, `update_time`) VALUES (4, '1', 'area', '地区', 'varchar(32)', 'String', 'area', '0', '0', '1', '1', '1', '1', '0', 'EQ', 'input', '', 4, 'admin', '2023-04-26 22:20:08', '', '2023-04-26 22:33:54');
INSERT INTO `gen_table_column` (`column_id`, `table_id`, `column_name`, `column_comment`, `column_type`, `java_type`, `java_field`, `is_pk`, `is_increment`, `is_required`, `is_insert`, `is_edit`, `is_list`, `is_query`, `query_type`, `html_type`, `dict_type`, `sort`, `create_by`, `create_time`, `update_by`, `update_time`) VALUES (5, '1', 'status', '状态（0-待审核，1-审核中，2-已审核）', 'char(1)', 'String', 'status', '0', '0', '1', '1', '1', '1', '1', 'EQ', 'radio', 'company_status', 5, 'admin', '2023-04-26 22:20:08', '', '2023-04-26 22:33:54');
INSERT INTO `gen_table_column` (`column_id`, `table_id`, `column_name`, `column_comment`, `column_type`, `java_type`, `java_field`, `is_pk`, `is_increment`, `is_required`, `is_insert`, `is_edit`, `is_list`, `is_query`, `query_type`, `html_type`, `dict_type`, `sort`, `create_by`, `create_time`, `update_by`, `update_time`) VALUES (6, '1', 'create_by', '创建者', 'varchar(64)', 'String', 'createBy', '0', '0', NULL, '1', NULL, NULL, NULL, 'EQ', 'input', '', 6, 'admin', '2023-04-26 22:20:08', '', '2023-04-26 22:33:54');
INSERT INTO `gen_table_column` (`column_id`, `table_id`, `column_name`, `column_comment`, `column_type`, `java_type`, `java_field`, `is_pk`, `is_increment`, `is_required`, `is_insert`, `is_edit`, `is_list`, `is_query`, `query_type`, `html_type`, `dict_type`, `sort`, `create_by`, `create_time`, `update_by`, `update_time`) VALUES (7, '1', 'create_time', '创建时间', 'datetime', 'Date', 'createTime', '0', '0', NULL, '1', NULL, NULL, NULL, 'EQ', 'datetime', '', 7, 'admin', '2023-04-26 22:20:08', '', '2023-04-26 22:33:54');
INSERT INTO `gen_table_column` (`column_id`, `table_id`, `column_name`, `column_comment`, `column_type`, `java_type`, `java_field`, `is_pk`, `is_increment`, `is_required`, `is_insert`, `is_edit`, `is_list`, `is_query`, `query_type`, `html_type`, `dict_type`, `sort`, `create_by`, `create_time`, `update_by`, `update_time`) VALUES (8, '1', 'update_by', '更新者', 'varchar(64)', 'String', 'updateBy', '0', '0', NULL, '1', '1', NULL, NULL, 'EQ', 'input', '', 8, 'admin', '2023-04-26 22:20:08', '', '2023-04-26 22:33:54');
INSERT INTO `gen_table_column` (`column_id`, `table_id`, `column_name`, `column_comment`, `column_type`, `java_type`, `java_field`, `is_pk`, `is_increment`, `is_required`, `is_insert`, `is_edit`, `is_list`, `is_query`, `query_type`, `html_type`, `dict_type`, `sort`, `create_by`, `create_time`, `update_by`, `update_time`) VALUES (9, '1', 'update_time', '更新时间', 'datetime', 'Date', 'updateTime', '0', '0', NULL, '1', '1', NULL, NULL, 'EQ', 'datetime', '', 9, 'admin', '2023-04-26 22:20:08', '', '2023-04-26 22:33:54');
INSERT INTO `gen_table_column` (`column_id`, `table_id`, `column_name`, `column_comment`, `column_type`, `java_type`, `java_field`, `is_pk`, `is_increment`, `is_required`, `is_insert`, `is_edit`, `is_list`, `is_query`, `query_type`, `html_type`, `dict_type`, `sort`, `create_by`, `create_time`, `update_by`, `update_time`) VALUES (10, '1', 'remark', '备注', 'varchar(500)', 'String', 'remark', '0', '0', NULL, '1', '1', '1', NULL, 'EQ', 'textarea', '', 10, 'admin', '2023-04-26 22:20:08', '', '2023-04-26 22:33:54');
INSERT INTO `gen_table_column` (`column_id`, `table_id`, `column_name`, `column_comment`, `column_type`, `java_type`, `java_field`, `is_pk`, `is_increment`, `is_required`, `is_insert`, `is_edit`, `is_list`, `is_query`, `query_type`, `html_type`, `dict_type`, `sort`, `create_by`, `create_time`, `update_by`, `update_time`) VALUES (11, '2', 'id', 'id', 'bigint', 'Long', 'id', '1', '1', NULL, '1', NULL, NULL, NULL, 'EQ', 'input', '', 1, 'admin', '2023-04-26 22:20:08', '', '2023-04-26 22:36:30');
INSERT INTO `gen_table_column` (`column_id`, `table_id`, `column_name`, `column_comment`, `column_type`, `java_type`, `java_field`, `is_pk`, `is_increment`, `is_required`, `is_insert`, `is_edit`, `is_list`, `is_query`, `query_type`, `html_type`, `dict_type`, `sort`, `create_by`, `create_time`, `update_by`, `update_time`) VALUES (12, '2', 'parent_id', '父id', 'bigint', 'Long', 'parentId', '0', '0', '1', '1', '0', '0', '0', 'EQ', 'input', '', 2, 'admin', '2023-04-26 22:20:08', '', '2023-04-26 22:36:30');
INSERT INTO `gen_table_column` (`column_id`, `table_id`, `column_name`, `column_comment`, `column_type`, `java_type`, `java_field`, `is_pk`, `is_increment`, `is_required`, `is_insert`, `is_edit`, `is_list`, `is_query`, `query_type`, `html_type`, `dict_type`, `sort`, `create_by`, `create_time`, `update_by`, `update_time`) VALUES (13, '2', 'name', '指标名称', 'varchar(32)', 'String', 'name', '0', '0', '1', '1', '1', '1', '1', 'LIKE', 'input', '', 3, 'admin', '2023-04-26 22:20:08', '', '2023-04-26 22:36:30');
INSERT INTO `gen_table_column` (`column_id`, `table_id`, `column_name`, `column_comment`, `column_type`, `java_type`, `java_field`, `is_pk`, `is_increment`, `is_required`, `is_insert`, `is_edit`, `is_list`, `is_query`, `query_type`, `html_type`, `dict_type`, `sort`, `create_by`, `create_time`, `update_by`, `update_time`) VALUES (14, '2', 'sort', '显示顺序', 'int', 'Long', 'sort', '0', '0', NULL, '1', '1', '1', '0', 'EQ', 'input', '', 4, 'admin', '2023-04-26 22:20:08', '', '2023-04-26 22:36:30');
INSERT INTO `gen_table_column` (`column_id`, `table_id`, `column_name`, `column_comment`, `column_type`, `java_type`, `java_field`, `is_pk`, `is_increment`, `is_required`, `is_insert`, `is_edit`, `is_list`, `is_query`, `query_type`, `html_type`, `dict_type`, `sort`, `create_by`, `create_time`, `update_by`, `update_time`) VALUES (15, '2', 'quality_type', '性质（0-定性：文本框用户输入文字（300字）；1-定量：文本框用户输入对应数值，给出单位）', 'char(1)', 'String', 'qualityType', '0', '0', '1', '1', '1', '1', '1', 'EQ', 'radio', 'quality_type', 5, 'admin', '2023-04-26 22:20:08', '', '2023-04-26 22:36:30');
INSERT INTO `gen_table_column` (`column_id`, `table_id`, `column_name`, `column_comment`, `column_type`, `java_type`, `java_field`, `is_pk`, `is_increment`, `is_required`, `is_insert`, `is_edit`, `is_list`, `is_query`, `query_type`, `html_type`, `dict_type`, `sort`, `create_by`, `create_time`, `update_by`, `update_time`) VALUES (16, '2', 'quality', '性质', 'varchar(300)', 'String', 'quality', '0', '0', '1', '1', '1', '1', '0', 'EQ', 'input', '', 6, 'admin', '2023-04-26 22:20:08', '', '2023-04-26 22:36:30');
INSERT INTO `gen_table_column` (`column_id`, `table_id`, `column_name`, `column_comment`, `column_type`, `java_type`, `java_field`, `is_pk`, `is_increment`, `is_required`, `is_insert`, `is_edit`, `is_list`, `is_query`, `query_type`, `html_type`, `dict_type`, `sort`, `create_by`, `create_time`, `update_by`, `update_time`) VALUES (17, '2', 'illustrate', '填写说明', 'varchar(255)', 'String', 'illustrate', '0', '0', '0', '1', '1', '1', '0', 'EQ', 'input', '', 7, 'admin', '2023-04-26 22:20:08', '', '2023-04-26 22:36:30');
INSERT INTO `gen_table_column` (`column_id`, `table_id`, `column_name`, `column_comment`, `column_type`, `java_type`, `java_field`, `is_pk`, `is_increment`, `is_required`, `is_insert`, `is_edit`, `is_list`, `is_query`, `query_type`, `html_type`, `dict_type`, `sort`, `create_by`, `create_time`, `update_by`, `update_time`) VALUES (18, '2', 'score', '指标评分', 'varchar(50)', 'String', 'score', '0', '0', NULL, '1', '1', '1', '0', 'EQ', 'input', '', 8, 'admin', '2023-04-26 22:20:08', '', '2023-04-26 22:36:30');
INSERT INTO `gen_table_column` (`column_id`, `table_id`, `column_name`, `column_comment`, `column_type`, `java_type`, `java_field`, `is_pk`, `is_increment`, `is_required`, `is_insert`, `is_edit`, `is_list`, `is_query`, `query_type`, `html_type`, `dict_type`, `sort`, `create_by`, `create_time`, `update_by`, `update_time`) VALUES (19, '2', 'create_by', '创建者', 'varchar(64)', 'String', 'createBy', '0', '0', NULL, '1', NULL, NULL, NULL, 'EQ', 'input', '', 9, 'admin', '2023-04-26 22:20:08', '', '2023-04-26 22:36:30');
INSERT INTO `gen_table_column` (`column_id`, `table_id`, `column_name`, `column_comment`, `column_type`, `java_type`, `java_field`, `is_pk`, `is_increment`, `is_required`, `is_insert`, `is_edit`, `is_list`, `is_query`, `query_type`, `html_type`, `dict_type`, `sort`, `create_by`, `create_time`, `update_by`, `update_time`) VALUES (20, '2', 'create_time', '创建时间', 'datetime', 'Date', 'createTime', '0', '0', NULL, '1', NULL, NULL, NULL, 'EQ', 'datetime', '', 10, 'admin', '2023-04-26 22:20:08', '', '2023-04-26 22:36:30');
INSERT INTO `gen_table_column` (`column_id`, `table_id`, `column_name`, `column_comment`, `column_type`, `java_type`, `java_field`, `is_pk`, `is_increment`, `is_required`, `is_insert`, `is_edit`, `is_list`, `is_query`, `query_type`, `html_type`, `dict_type`, `sort`, `create_by`, `create_time`, `update_by`, `update_time`) VALUES (21, '2', 'update_by', '更新者', 'varchar(64)', 'String', 'updateBy', '0', '0', NULL, '1', '1', NULL, NULL, 'EQ', 'input', '', 11, 'admin', '2023-04-26 22:20:08', '', '2023-04-26 22:36:30');
INSERT INTO `gen_table_column` (`column_id`, `table_id`, `column_name`, `column_comment`, `column_type`, `java_type`, `java_field`, `is_pk`, `is_increment`, `is_required`, `is_insert`, `is_edit`, `is_list`, `is_query`, `query_type`, `html_type`, `dict_type`, `sort`, `create_by`, `create_time`, `update_by`, `update_time`) VALUES (22, '2', 'update_time', '更新时间', 'datetime', 'Date', 'updateTime', '0', '0', NULL, '1', '1', NULL, NULL, 'EQ', 'datetime', '', 12, 'admin', '2023-04-26 22:20:08', '', '2023-04-26 22:36:30');
INSERT INTO `gen_table_column` (`column_id`, `table_id`, `column_name`, `column_comment`, `column_type`, `java_type`, `java_field`, `is_pk`, `is_increment`, `is_required`, `is_insert`, `is_edit`, `is_list`, `is_query`, `query_type`, `html_type`, `dict_type`, `sort`, `create_by`, `create_time`, `update_by`, `update_time`) VALUES (23, '2', 'remark', '备注', 'varchar(500)', 'String', 'remark', '0', '0', NULL, '1', '1', '1', NULL, 'EQ', 'textarea', '', 13, 'admin', '2023-04-26 22:20:08', '', '2023-04-26 22:36:30');
COMMIT;

-- ----------------------------
-- Table structure for sys_config
-- ----------------------------
DROP TABLE IF EXISTS `sys_config`;
CREATE TABLE `sys_config` (
  `config_id` int NOT NULL AUTO_INCREMENT COMMENT '参数主键',
  `config_name` varchar(100) CHARACTER SET utf8mb4 COLLATE utf8mb4_general_ci DEFAULT '' COMMENT '参数名称',
  `config_key` varchar(100) CHARACTER SET utf8mb4 COLLATE utf8mb4_general_ci DEFAULT '' COMMENT '参数键名',
  `config_value` varchar(500) CHARACTER SET utf8mb4 COLLATE utf8mb4_general_ci DEFAULT '' COMMENT '参数键值',
  `config_type` char(1) CHARACTER SET utf8mb4 COLLATE utf8mb4_general_ci DEFAULT 'N' COMMENT '系统内置（Y是 N否）',
  `create_by` varchar(64) CHARACTER SET utf8mb4 COLLATE utf8mb4_general_ci DEFAULT '' COMMENT '创建者',
  `create_time` datetime DEFAULT NULL COMMENT '创建时间',
  `update_by` varchar(64) CHARACTER SET utf8mb4 COLLATE utf8mb4_general_ci DEFAULT '' COMMENT '更新者',
  `update_time` datetime DEFAULT NULL COMMENT '更新时间',
  `remark` varchar(500) CHARACTER SET utf8mb4 COLLATE utf8mb4_general_ci DEFAULT NULL COMMENT '备注',
  PRIMARY KEY (`config_id`) USING BTREE
) ENGINE=InnoDB AUTO_INCREMENT=100 DEFAULT CHARSET=utf8mb4 COLLATE=utf8mb4_general_ci ROW_FORMAT=DYNAMIC COMMENT='参数配置表';

-- ----------------------------
-- Records of sys_config
-- ----------------------------
BEGIN;
INSERT INTO `sys_config` (`config_id`, `config_name`, `config_key`, `config_value`, `config_type`, `create_by`, `create_time`, `update_by`, `update_time`, `remark`) VALUES (1, '主框架页-默认皮肤样式名称', 'sys.index.skinName', 'skin-blue', 'Y', 'admin', '2023-04-20 19:54:30', '', NULL, '蓝色 skin-blue、绿色 skin-green、紫色 skin-purple、红色 skin-red、黄色 skin-yellow');
INSERT INTO `sys_config` (`config_id`, `config_name`, `config_key`, `config_value`, `config_type`, `create_by`, `create_time`, `update_by`, `update_time`, `remark`) VALUES (2, '用户管理-账号初始密码', 'sys.user.initPassword', '123456', 'Y', 'admin', '2023-04-20 19:54:30', '', NULL, '初始化密码 123456');
INSERT INTO `sys_config` (`config_id`, `config_name`, `config_key`, `config_value`, `config_type`, `create_by`, `create_time`, `update_by`, `update_time`, `remark`) VALUES (3, '主框架页-侧边栏主题', 'sys.index.sideTheme', 'theme-dark', 'Y', 'admin', '2023-04-20 19:54:30', '', NULL, '深色主题theme-dark，浅色主题theme-light');
INSERT INTO `sys_config` (`config_id`, `config_name`, `config_key`, `config_value`, `config_type`, `create_by`, `create_time`, `update_by`, `update_time`, `remark`) VALUES (4, '账号自助-验证码开关', 'sys.account.captchaEnabled', 'true', 'Y', 'admin', '2023-04-20 19:54:30', '', NULL, '是否开启验证码功能（true开启，false关闭）');
INSERT INTO `sys_config` (`config_id`, `config_name`, `config_key`, `config_value`, `config_type`, `create_by`, `create_time`, `update_by`, `update_time`, `remark`) VALUES (5, '账号自助-是否开启用户注册功能', 'sys.account.registerUser', 'false', 'Y', 'admin', '2023-04-20 19:54:30', '', NULL, '是否开启注册用户功能（true开启，false关闭）');
INSERT INTO `sys_config` (`config_id`, `config_name`, `config_key`, `config_value`, `config_type`, `create_by`, `create_time`, `update_by`, `update_time`, `remark`) VALUES (6, '用户登录-黑名单列表', 'sys.login.blackIPList', '', 'Y', 'admin', '2023-04-20 19:54:30', '', NULL, '设置登录IP黑名单限制，多个匹配项以;分隔，支持匹配（*通配、网段）');
COMMIT;

-- ----------------------------
-- Table structure for sys_dept
-- ----------------------------
DROP TABLE IF EXISTS `sys_dept`;
CREATE TABLE `sys_dept` (
  `dept_id` bigint NOT NULL AUTO_INCREMENT COMMENT '部门id',
  `parent_id` bigint DEFAULT '0' COMMENT '父部门id',
  `ancestors` varchar(50) CHARACTER SET utf8mb4 COLLATE utf8mb4_general_ci DEFAULT '' COMMENT '祖级列表',
  `dept_name` varchar(30) CHARACTER SET utf8mb4 COLLATE utf8mb4_general_ci DEFAULT '' COMMENT '部门名称',
  `order_num` int DEFAULT '0' COMMENT '显示顺序',
  `leader` varchar(20) CHARACTER SET utf8mb4 COLLATE utf8mb4_general_ci DEFAULT NULL COMMENT '负责人',
  `phone` varchar(11) CHARACTER SET utf8mb4 COLLATE utf8mb4_general_ci DEFAULT NULL COMMENT '联系电话',
  `email` varchar(50) CHARACTER SET utf8mb4 COLLATE utf8mb4_general_ci DEFAULT NULL COMMENT '邮箱',
  `status` char(1) CHARACTER SET utf8mb4 COLLATE utf8mb4_general_ci DEFAULT '0' COMMENT '部门状态（0正常 1停用）',
  `del_flag` char(1) CHARACTER SET utf8mb4 COLLATE utf8mb4_general_ci DEFAULT '0' COMMENT '删除标志（0代表存在 2代表删除）',
  `create_by` varchar(64) CHARACTER SET utf8mb4 COLLATE utf8mb4_general_ci DEFAULT '' COMMENT '创建者',
  `create_time` datetime DEFAULT NULL COMMENT '创建时间',
  `update_by` varchar(64) CHARACTER SET utf8mb4 COLLATE utf8mb4_general_ci DEFAULT '' COMMENT '更新者',
  `update_time` datetime DEFAULT NULL COMMENT '更新时间',
  PRIMARY KEY (`dept_id`) USING BTREE
) ENGINE=InnoDB AUTO_INCREMENT=200 DEFAULT CHARSET=utf8mb4 COLLATE=utf8mb4_general_ci ROW_FORMAT=DYNAMIC COMMENT='部门表';

-- ----------------------------
-- Records of sys_dept
-- ----------------------------
BEGIN;
INSERT INTO `sys_dept` (`dept_id`, `parent_id`, `ancestors`, `dept_name`, `order_num`, `leader`, `phone`, `email`, `status`, `del_flag`, `create_by`, `create_time`, `update_by`, `update_time`) VALUES (100, 0, '0', '若依科技', 0, '若依', '15888888888', 'ry@qq.com', '0', '0', 'admin', '2023-04-20 19:54:30', '', NULL);
INSERT INTO `sys_dept` (`dept_id`, `parent_id`, `ancestors`, `dept_name`, `order_num`, `leader`, `phone`, `email`, `status`, `del_flag`, `create_by`, `create_time`, `update_by`, `update_time`) VALUES (101, 100, '0,100', '深圳总公司', 1, '若依', '15888888888', 'ry@qq.com', '0', '0', 'admin', '2023-04-20 19:54:30', '', NULL);
INSERT INTO `sys_dept` (`dept_id`, `parent_id`, `ancestors`, `dept_name`, `order_num`, `leader`, `phone`, `email`, `status`, `del_flag`, `create_by`, `create_time`, `update_by`, `update_time`) VALUES (102, 100, '0,100', '长沙分公司', 2, '若依', '15888888888', 'ry@qq.com', '0', '0', 'admin', '2023-04-20 19:54:30', '', NULL);
INSERT INTO `sys_dept` (`dept_id`, `parent_id`, `ancestors`, `dept_name`, `order_num`, `leader`, `phone`, `email`, `status`, `del_flag`, `create_by`, `create_time`, `update_by`, `update_time`) VALUES (103, 101, '0,100,101', '研发部门', 1, '若依', '15888888888', 'ry@qq.com', '0', '0', 'admin', '2023-04-20 19:54:30', '', NULL);
INSERT INTO `sys_dept` (`dept_id`, `parent_id`, `ancestors`, `dept_name`, `order_num`, `leader`, `phone`, `email`, `status`, `del_flag`, `create_by`, `create_time`, `update_by`, `update_time`) VALUES (104, 101, '0,100,101', '市场部门', 2, '若依', '15888888888', 'ry@qq.com', '0', '0', 'admin', '2023-04-20 19:54:30', '', NULL);
INSERT INTO `sys_dept` (`dept_id`, `parent_id`, `ancestors`, `dept_name`, `order_num`, `leader`, `phone`, `email`, `status`, `del_flag`, `create_by`, `create_time`, `update_by`, `update_time`) VALUES (105, 101, '0,100,101', '测试部门', 3, '若依', '15888888888', 'ry@qq.com', '0', '0', 'admin', '2023-04-20 19:54:30', '', NULL);
INSERT INTO `sys_dept` (`dept_id`, `parent_id`, `ancestors`, `dept_name`, `order_num`, `leader`, `phone`, `email`, `status`, `del_flag`, `create_by`, `create_time`, `update_by`, `update_time`) VALUES (106, 101, '0,100,101', '财务部门', 4, '若依', '15888888888', 'ry@qq.com', '0', '0', 'admin', '2023-04-20 19:54:30', '', NULL);
INSERT INTO `sys_dept` (`dept_id`, `parent_id`, `ancestors`, `dept_name`, `order_num`, `leader`, `phone`, `email`, `status`, `del_flag`, `create_by`, `create_time`, `update_by`, `update_time`) VALUES (107, 101, '0,100,101', '运维部门', 5, '若依', '15888888888', 'ry@qq.com', '0', '0', 'admin', '2023-04-20 19:54:30', '', NULL);
INSERT INTO `sys_dept` (`dept_id`, `parent_id`, `ancestors`, `dept_name`, `order_num`, `leader`, `phone`, `email`, `status`, `del_flag`, `create_by`, `create_time`, `update_by`, `update_time`) VALUES (108, 102, '0,100,102', '市场部门', 1, '若依', '15888888888', 'ry@qq.com', '0', '0', 'admin', '2023-04-20 19:54:30', '', NULL);
INSERT INTO `sys_dept` (`dept_id`, `parent_id`, `ancestors`, `dept_name`, `order_num`, `leader`, `phone`, `email`, `status`, `del_flag`, `create_by`, `create_time`, `update_by`, `update_time`) VALUES (109, 102, '0,100,102', '财务部门', 2, '若依', '15888888888', 'ry@qq.com', '0', '0', 'admin', '2023-04-20 19:54:30', '', NULL);
COMMIT;

-- ----------------------------
-- Table structure for sys_dict_data
-- ----------------------------
DROP TABLE IF EXISTS `sys_dict_data`;
CREATE TABLE `sys_dict_data` (
  `dict_code` bigint NOT NULL AUTO_INCREMENT COMMENT '字典编码',
  `dict_sort` int DEFAULT '0' COMMENT '字典排序',
  `dict_label` varchar(100) CHARACTER SET utf8mb4 COLLATE utf8mb4_general_ci DEFAULT '' COMMENT '字典标签',
  `dict_value` varchar(100) CHARACTER SET utf8mb4 COLLATE utf8mb4_general_ci DEFAULT '' COMMENT '字典键值',
  `dict_type` varchar(100) CHARACTER SET utf8mb4 COLLATE utf8mb4_general_ci DEFAULT '' COMMENT '字典类型',
  `css_class` varchar(100) CHARACTER SET utf8mb4 COLLATE utf8mb4_general_ci DEFAULT NULL COMMENT '样式属性（其他样式扩展）',
  `list_class` varchar(100) CHARACTER SET utf8mb4 COLLATE utf8mb4_general_ci DEFAULT NULL COMMENT '表格回显样式',
  `is_default` char(1) CHARACTER SET utf8mb4 COLLATE utf8mb4_general_ci DEFAULT 'N' COMMENT '是否默认（Y是 N否）',
  `status` char(1) CHARACTER SET utf8mb4 COLLATE utf8mb4_general_ci DEFAULT '0' COMMENT '状态（0正常 1停用）',
  `create_by` varchar(64) CHARACTER SET utf8mb4 COLLATE utf8mb4_general_ci DEFAULT '' COMMENT '创建者',
  `create_time` datetime DEFAULT NULL COMMENT '创建时间',
  `update_by` varchar(64) CHARACTER SET utf8mb4 COLLATE utf8mb4_general_ci DEFAULT '' COMMENT '更新者',
  `update_time` datetime DEFAULT NULL COMMENT '更新时间',
  `remark` varchar(500) CHARACTER SET utf8mb4 COLLATE utf8mb4_general_ci DEFAULT NULL COMMENT '备注',
  PRIMARY KEY (`dict_code`) USING BTREE
) ENGINE=InnoDB AUTO_INCREMENT=115 DEFAULT CHARSET=utf8mb4 COLLATE=utf8mb4_general_ci ROW_FORMAT=DYNAMIC COMMENT='字典数据表';

-- ----------------------------
-- Records of sys_dict_data
-- ----------------------------
BEGIN;
INSERT INTO `sys_dict_data` (`dict_code`, `dict_sort`, `dict_label`, `dict_value`, `dict_type`, `css_class`, `list_class`, `is_default`, `status`, `create_by`, `create_time`, `update_by`, `update_time`, `remark`) VALUES (1, 1, '男', '0', 'sys_user_sex', '', '', 'Y', '0', 'admin', '2023-04-20 19:54:30', '', NULL, '性别男');
INSERT INTO `sys_dict_data` (`dict_code`, `dict_sort`, `dict_label`, `dict_value`, `dict_type`, `css_class`, `list_class`, `is_default`, `status`, `create_by`, `create_time`, `update_by`, `update_time`, `remark`) VALUES (2, 2, '女', '1', 'sys_user_sex', '', '', 'N', '0', 'admin', '2023-04-20 19:54:30', '', NULL, '性别女');
INSERT INTO `sys_dict_data` (`dict_code`, `dict_sort`, `dict_label`, `dict_value`, `dict_type`, `css_class`, `list_class`, `is_default`, `status`, `create_by`, `create_time`, `update_by`, `update_time`, `remark`) VALUES (3, 3, '未知', '2', 'sys_user_sex', '', '', 'N', '0', 'admin', '2023-04-20 19:54:30', '', NULL, '性别未知');
INSERT INTO `sys_dict_data` (`dict_code`, `dict_sort`, `dict_label`, `dict_value`, `dict_type`, `css_class`, `list_class`, `is_default`, `status`, `create_by`, `create_time`, `update_by`, `update_time`, `remark`) VALUES (4, 1, '显示', '0', 'sys_show_hide', '', 'primary', 'Y', '0', 'admin', '2023-04-20 19:54:30', '', NULL, '显示菜单');
INSERT INTO `sys_dict_data` (`dict_code`, `dict_sort`, `dict_label`, `dict_value`, `dict_type`, `css_class`, `list_class`, `is_default`, `status`, `create_by`, `create_time`, `update_by`, `update_time`, `remark`) VALUES (5, 2, '隐藏', '1', 'sys_show_hide', '', 'danger', 'N', '0', 'admin', '2023-04-20 19:54:30', '', NULL, '隐藏菜单');
INSERT INTO `sys_dict_data` (`dict_code`, `dict_sort`, `dict_label`, `dict_value`, `dict_type`, `css_class`, `list_class`, `is_default`, `status`, `create_by`, `create_time`, `update_by`, `update_time`, `remark`) VALUES (6, 1, '正常', '0', 'sys_normal_disable', '', 'primary', 'Y', '0', 'admin', '2023-04-20 19:54:30', '', NULL, '正常状态');
INSERT INTO `sys_dict_data` (`dict_code`, `dict_sort`, `dict_label`, `dict_value`, `dict_type`, `css_class`, `list_class`, `is_default`, `status`, `create_by`, `create_time`, `update_by`, `update_time`, `remark`) VALUES (7, 2, '停用', '1', 'sys_normal_disable', '', 'danger', 'N', '0', 'admin', '2023-04-20 19:54:30', '', NULL, '停用状态');
INSERT INTO `sys_dict_data` (`dict_code`, `dict_sort`, `dict_label`, `dict_value`, `dict_type`, `css_class`, `list_class`, `is_default`, `status`, `create_by`, `create_time`, `update_by`, `update_time`, `remark`) VALUES (8, 1, '正常', '0', 'sys_job_status', '', 'primary', 'Y', '0', 'admin', '2023-04-20 19:54:30', '', NULL, '正常状态');
INSERT INTO `sys_dict_data` (`dict_code`, `dict_sort`, `dict_label`, `dict_value`, `dict_type`, `css_class`, `list_class`, `is_default`, `status`, `create_by`, `create_time`, `update_by`, `update_time`, `remark`) VALUES (9, 2, '暂停', '1', 'sys_job_status', '', 'danger', 'N', '0', 'admin', '2023-04-20 19:54:30', '', NULL, '停用状态');
INSERT INTO `sys_dict_data` (`dict_code`, `dict_sort`, `dict_label`, `dict_value`, `dict_type`, `css_class`, `list_class`, `is_default`, `status`, `create_by`, `create_time`, `update_by`, `update_time`, `remark`) VALUES (10, 1, '默认', 'DEFAULT', 'sys_job_group', '', '', 'Y', '0', 'admin', '2023-04-20 19:54:30', '', NULL, '默认分组');
INSERT INTO `sys_dict_data` (`dict_code`, `dict_sort`, `dict_label`, `dict_value`, `dict_type`, `css_class`, `list_class`, `is_default`, `status`, `create_by`, `create_time`, `update_by`, `update_time`, `remark`) VALUES (11, 2, '系统', 'SYSTEM', 'sys_job_group', '', '', 'N', '0', 'admin', '2023-04-20 19:54:30', '', NULL, '系统分组');
INSERT INTO `sys_dict_data` (`dict_code`, `dict_sort`, `dict_label`, `dict_value`, `dict_type`, `css_class`, `list_class`, `is_default`, `status`, `create_by`, `create_time`, `update_by`, `update_time`, `remark`) VALUES (12, 1, '是', 'Y', 'sys_yes_no', '', 'primary', 'Y', '0', 'admin', '2023-04-20 19:54:30', '', NULL, '系统默认是');
INSERT INTO `sys_dict_data` (`dict_code`, `dict_sort`, `dict_label`, `dict_value`, `dict_type`, `css_class`, `list_class`, `is_default`, `status`, `create_by`, `create_time`, `update_by`, `update_time`, `remark`) VALUES (13, 2, '否', 'N', 'sys_yes_no', '', 'danger', 'N', '0', 'admin', '2023-04-20 19:54:30', '', NULL, '系统默认否');
INSERT INTO `sys_dict_data` (`dict_code`, `dict_sort`, `dict_label`, `dict_value`, `dict_type`, `css_class`, `list_class`, `is_default`, `status`, `create_by`, `create_time`, `update_by`, `update_time`, `remark`) VALUES (14, 1, '通知', '1', 'sys_notice_type', '', 'warning', 'Y', '0', 'admin', '2023-04-20 19:54:30', '', NULL, '通知');
INSERT INTO `sys_dict_data` (`dict_code`, `dict_sort`, `dict_label`, `dict_value`, `dict_type`, `css_class`, `list_class`, `is_default`, `status`, `create_by`, `create_time`, `update_by`, `update_time`, `remark`) VALUES (15, 2, '公告', '2', 'sys_notice_type', '', 'success', 'N', '0', 'admin', '2023-04-20 19:54:30', '', NULL, '公告');
INSERT INTO `sys_dict_data` (`dict_code`, `dict_sort`, `dict_label`, `dict_value`, `dict_type`, `css_class`, `list_class`, `is_default`, `status`, `create_by`, `create_time`, `update_by`, `update_time`, `remark`) VALUES (16, 1, '正常', '0', 'sys_notice_status', '', 'primary', 'Y', '0', 'admin', '2023-04-20 19:54:30', '', NULL, '正常状态');
INSERT INTO `sys_dict_data` (`dict_code`, `dict_sort`, `dict_label`, `dict_value`, `dict_type`, `css_class`, `list_class`, `is_default`, `status`, `create_by`, `create_time`, `update_by`, `update_time`, `remark`) VALUES (17, 2, '关闭', '1', 'sys_notice_status', '', 'danger', 'N', '0', 'admin', '2023-04-20 19:54:30', '', NULL, '关闭状态');
INSERT INTO `sys_dict_data` (`dict_code`, `dict_sort`, `dict_label`, `dict_value`, `dict_type`, `css_class`, `list_class`, `is_default`, `status`, `create_by`, `create_time`, `update_by`, `update_time`, `remark`) VALUES (18, 99, '其他', '0', 'sys_oper_type', '', 'info', 'N', '0', 'admin', '2023-04-20 19:54:30', '', NULL, '其他操作');
INSERT INTO `sys_dict_data` (`dict_code`, `dict_sort`, `dict_label`, `dict_value`, `dict_type`, `css_class`, `list_class`, `is_default`, `status`, `create_by`, `create_time`, `update_by`, `update_time`, `remark`) VALUES (19, 1, '新增', '1', 'sys_oper_type', '', 'info', 'N', '0', 'admin', '2023-04-20 19:54:30', '', NULL, '新增操作');
INSERT INTO `sys_dict_data` (`dict_code`, `dict_sort`, `dict_label`, `dict_value`, `dict_type`, `css_class`, `list_class`, `is_default`, `status`, `create_by`, `create_time`, `update_by`, `update_time`, `remark`) VALUES (20, 2, '修改', '2', 'sys_oper_type', '', 'info', 'N', '0', 'admin', '2023-04-20 19:54:30', '', NULL, '修改操作');
INSERT INTO `sys_dict_data` (`dict_code`, `dict_sort`, `dict_label`, `dict_value`, `dict_type`, `css_class`, `list_class`, `is_default`, `status`, `create_by`, `create_time`, `update_by`, `update_time`, `remark`) VALUES (21, 3, '删除', '3', 'sys_oper_type', '', 'danger', 'N', '0', 'admin', '2023-04-20 19:54:30', '', NULL, '删除操作');
INSERT INTO `sys_dict_data` (`dict_code`, `dict_sort`, `dict_label`, `dict_value`, `dict_type`, `css_class`, `list_class`, `is_default`, `status`, `create_by`, `create_time`, `update_by`, `update_time`, `remark`) VALUES (22, 4, '授权', '4', 'sys_oper_type', '', 'primary', 'N', '0', 'admin', '2023-04-20 19:54:30', '', NULL, '授权操作');
INSERT INTO `sys_dict_data` (`dict_code`, `dict_sort`, `dict_label`, `dict_value`, `dict_type`, `css_class`, `list_class`, `is_default`, `status`, `create_by`, `create_time`, `update_by`, `update_time`, `remark`) VALUES (23, 5, '导出', '5', 'sys_oper_type', '', 'warning', 'N', '0', 'admin', '2023-04-20 19:54:30', '', NULL, '导出操作');
INSERT INTO `sys_dict_data` (`dict_code`, `dict_sort`, `dict_label`, `dict_value`, `dict_type`, `css_class`, `list_class`, `is_default`, `status`, `create_by`, `create_time`, `update_by`, `update_time`, `remark`) VALUES (24, 6, '导入', '6', 'sys_oper_type', '', 'warning', 'N', '0', 'admin', '2023-04-20 19:54:30', '', NULL, '导入操作');
INSERT INTO `sys_dict_data` (`dict_code`, `dict_sort`, `dict_label`, `dict_value`, `dict_type`, `css_class`, `list_class`, `is_default`, `status`, `create_by`, `create_time`, `update_by`, `update_time`, `remark`) VALUES (25, 7, '强退', '7', 'sys_oper_type', '', 'danger', 'N', '0', 'admin', '2023-04-20 19:54:30', '', NULL, '强退操作');
INSERT INTO `sys_dict_data` (`dict_code`, `dict_sort`, `dict_label`, `dict_value`, `dict_type`, `css_class`, `list_class`, `is_default`, `status`, `create_by`, `create_time`, `update_by`, `update_time`, `remark`) VALUES (26, 8, '生成代码', '8', 'sys_oper_type', '', 'warning', 'N', '0', 'admin', '2023-04-20 19:54:30', '', NULL, '生成操作');
INSERT INTO `sys_dict_data` (`dict_code`, `dict_sort`, `dict_label`, `dict_value`, `dict_type`, `css_class`, `list_class`, `is_default`, `status`, `create_by`, `create_time`, `update_by`, `update_time`, `remark`) VALUES (27, 9, '清空数据', '9', 'sys_oper_type', '', 'danger', 'N', '0', 'admin', '2023-04-20 19:54:30', '', NULL, '清空操作');
INSERT INTO `sys_dict_data` (`dict_code`, `dict_sort`, `dict_label`, `dict_value`, `dict_type`, `css_class`, `list_class`, `is_default`, `status`, `create_by`, `create_time`, `update_by`, `update_time`, `remark`) VALUES (28, 1, '成功', '0', 'sys_common_status', '', 'primary', 'N', '0', 'admin', '2023-04-20 19:54:30', '', NULL, '正常状态');
INSERT INTO `sys_dict_data` (`dict_code`, `dict_sort`, `dict_label`, `dict_value`, `dict_type`, `css_class`, `list_class`, `is_default`, `status`, `create_by`, `create_time`, `update_by`, `update_time`, `remark`) VALUES (29, 2, '失败', '1', 'sys_common_status', '', 'danger', 'N', '0', 'admin', '2023-04-20 19:54:30', '', NULL, '停用状态');
INSERT INTO `sys_dict_data` (`dict_code`, `dict_sort`, `dict_label`, `dict_value`, `dict_type`, `css_class`, `list_class`, `is_default`, `status`, `create_by`, `create_time`, `update_by`, `update_time`, `remark`) VALUES (101, 0, '待审核', '0', 'company_status', NULL, 'danger', 'N', '0', 'admin', '2023-04-25 10:17:59', 'admin', '2023-04-27 23:17:53', NULL);
INSERT INTO `sys_dict_data` (`dict_code`, `dict_sort`, `dict_label`, `dict_value`, `dict_type`, `css_class`, `list_class`, `is_default`, `status`, `create_by`, `create_time`, `update_by`, `update_time`, `remark`) VALUES (102, 1, '已审核', '1', 'company_status', NULL, 'success', 'N', '0', 'admin', '2023-04-25 10:18:08', 'admin', '2023-04-27 23:17:58', NULL);
INSERT INTO `sys_dict_data` (`dict_code`, `dict_sort`, `dict_label`, `dict_value`, `dict_type`, `css_class`, `list_class`, `is_default`, `status`, `create_by`, `create_time`, `update_by`, `update_time`, `remark`) VALUES (105, 0, '农、林、牧、渔业', '0', 'industry_type', NULL, 'default', 'N', '0', 'admin', '2023-04-26 22:30:18', '', NULL, NULL);
INSERT INTO `sys_dict_data` (`dict_code`, `dict_sort`, `dict_label`, `dict_value`, `dict_type`, `css_class`, `list_class`, `is_default`, `status`, `create_by`, `create_time`, `update_by`, `update_time`, `remark`) VALUES (106, 1, '采矿业', '1', 'industry_type', NULL, 'default', 'N', '0', 'admin', '2023-04-26 22:30:31', '', NULL, NULL);
INSERT INTO `sys_dict_data` (`dict_code`, `dict_sort`, `dict_label`, `dict_value`, `dict_type`, `css_class`, `list_class`, `is_default`, `status`, `create_by`, `create_time`, `update_by`, `update_time`, `remark`) VALUES (107, 2, '制造业', '2', 'industry_type', NULL, 'default', 'N', '0', 'admin', '2023-04-26 22:30:42', '', NULL, NULL);
INSERT INTO `sys_dict_data` (`dict_code`, `dict_sort`, `dict_label`, `dict_value`, `dict_type`, `css_class`, `list_class`, `is_default`, `status`, `create_by`, `create_time`, `update_by`, `update_time`, `remark`) VALUES (108, 3, '电力、热力、燃气及水的生产和供应业', '3', 'industry_type', NULL, 'default', 'N', '0', 'admin', '2023-04-26 22:30:58', '', NULL, NULL);
INSERT INTO `sys_dict_data` (`dict_code`, `dict_sort`, `dict_label`, `dict_value`, `dict_type`, `css_class`, `list_class`, `is_default`, `status`, `create_by`, `create_time`, `update_by`, `update_time`, `remark`) VALUES (109, 4, '环境和公共设施管理业', '4', 'industry_type', NULL, 'default', 'N', '0', 'admin', '2023-04-26 22:31:09', '', NULL, NULL);
INSERT INTO `sys_dict_data` (`dict_code`, `dict_sort`, `dict_label`, `dict_value`, `dict_type`, `css_class`, `list_class`, `is_default`, `status`, `create_by`, `create_time`, `update_by`, `update_time`, `remark`) VALUES (110, 5, '建筑业', '5', 'industry_type', NULL, 'default', 'N', '0', 'admin', '2023-04-26 22:31:22', '', NULL, NULL);
INSERT INTO `sys_dict_data` (`dict_code`, `dict_sort`, `dict_label`, `dict_value`, `dict_type`, `css_class`, `list_class`, `is_default`, `status`, `create_by`, `create_time`, `update_by`, `update_time`, `remark`) VALUES (111, 6, '交通运输、仓储业和邮政业', '6', 'industry_type', NULL, 'default', 'N', '0', 'admin', '2023-04-26 22:31:34', '', NULL, NULL);
INSERT INTO `sys_dict_data` (`dict_code`, `dict_sort`, `dict_label`, `dict_value`, `dict_type`, `css_class`, `list_class`, `is_default`, `status`, `create_by`, `create_time`, `update_by`, `update_time`, `remark`) VALUES (112, 7, '信息传输、计算机服务和软件业', '7', 'industry_type', NULL, 'default', 'N', '0', 'admin', '2023-04-26 22:31:47', '', NULL, NULL);
INSERT INTO `sys_dict_data` (`dict_code`, `dict_sort`, `dict_label`, `dict_value`, `dict_type`, `css_class`, `list_class`, `is_default`, `status`, `create_by`, `create_time`, `update_by`, `update_time`, `remark`) VALUES (113, 8, '批发和零售业', '8', 'industry_type', NULL, 'default', 'N', '0', 'admin', '2023-04-26 22:31:58', '', NULL, NULL);
INSERT INTO `sys_dict_data` (`dict_code`, `dict_sort`, `dict_label`, `dict_value`, `dict_type`, `css_class`, `list_class`, `is_default`, `status`, `create_by`, `create_time`, `update_by`, `update_time`, `remark`) VALUES (114, 9, '住宿、餐饮业', '9', 'industry_type', NULL, 'default', 'N', '0', 'admin', '2023-04-26 22:32:15', '', NULL, NULL);
COMMIT;

-- ----------------------------
-- Table structure for sys_dict_type
-- ----------------------------
DROP TABLE IF EXISTS `sys_dict_type`;
CREATE TABLE `sys_dict_type` (
  `dict_id` bigint NOT NULL AUTO_INCREMENT COMMENT '字典主键',
  `dict_name` varchar(100) CHARACTER SET utf8mb4 COLLATE utf8mb4_general_ci DEFAULT '' COMMENT '字典名称',
  `dict_type` varchar(100) CHARACTER SET utf8mb4 COLLATE utf8mb4_general_ci DEFAULT '' COMMENT '字典类型',
  `status` char(1) CHARACTER SET utf8mb4 COLLATE utf8mb4_general_ci DEFAULT '0' COMMENT '状态（0正常 1停用）',
  `create_by` varchar(64) CHARACTER SET utf8mb4 COLLATE utf8mb4_general_ci DEFAULT '' COMMENT '创建者',
  `create_time` datetime DEFAULT NULL COMMENT '创建时间',
  `update_by` varchar(64) CHARACTER SET utf8mb4 COLLATE utf8mb4_general_ci DEFAULT '' COMMENT '更新者',
  `update_time` datetime DEFAULT NULL COMMENT '更新时间',
  `remark` varchar(500) CHARACTER SET utf8mb4 COLLATE utf8mb4_general_ci DEFAULT NULL COMMENT '备注',
  PRIMARY KEY (`dict_id`) USING BTREE,
  UNIQUE KEY `dict_type` (`dict_type`) USING BTREE
) ENGINE=InnoDB AUTO_INCREMENT=104 DEFAULT CHARSET=utf8mb4 COLLATE=utf8mb4_general_ci ROW_FORMAT=DYNAMIC COMMENT='字典类型表';

-- ----------------------------
-- Records of sys_dict_type
-- ----------------------------
BEGIN;
INSERT INTO `sys_dict_type` (`dict_id`, `dict_name`, `dict_type`, `status`, `create_by`, `create_time`, `update_by`, `update_time`, `remark`) VALUES (1, '用户性别', 'sys_user_sex', '0', 'admin', '2023-04-20 19:54:30', '', NULL, '用户性别列表');
INSERT INTO `sys_dict_type` (`dict_id`, `dict_name`, `dict_type`, `status`, `create_by`, `create_time`, `update_by`, `update_time`, `remark`) VALUES (2, '菜单状态', 'sys_show_hide', '0', 'admin', '2023-04-20 19:54:30', '', NULL, '菜单状态列表');
INSERT INTO `sys_dict_type` (`dict_id`, `dict_name`, `dict_type`, `status`, `create_by`, `create_time`, `update_by`, `update_time`, `remark`) VALUES (3, '系统开关', 'sys_normal_disable', '0', 'admin', '2023-04-20 19:54:30', '', NULL, '系统开关列表');
INSERT INTO `sys_dict_type` (`dict_id`, `dict_name`, `dict_type`, `status`, `create_by`, `create_time`, `update_by`, `update_time`, `remark`) VALUES (4, '任务状态', 'sys_job_status', '0', 'admin', '2023-04-20 19:54:30', '', NULL, '任务状态列表');
INSERT INTO `sys_dict_type` (`dict_id`, `dict_name`, `dict_type`, `status`, `create_by`, `create_time`, `update_by`, `update_time`, `remark`) VALUES (5, '任务分组', 'sys_job_group', '0', 'admin', '2023-04-20 19:54:30', '', NULL, '任务分组列表');
INSERT INTO `sys_dict_type` (`dict_id`, `dict_name`, `dict_type`, `status`, `create_by`, `create_time`, `update_by`, `update_time`, `remark`) VALUES (6, '系统是否', 'sys_yes_no', '0', 'admin', '2023-04-20 19:54:30', '', NULL, '系统是否列表');
INSERT INTO `sys_dict_type` (`dict_id`, `dict_name`, `dict_type`, `status`, `create_by`, `create_time`, `update_by`, `update_time`, `remark`) VALUES (7, '通知类型', 'sys_notice_type', '0', 'admin', '2023-04-20 19:54:30', '', NULL, '通知类型列表');
INSERT INTO `sys_dict_type` (`dict_id`, `dict_name`, `dict_type`, `status`, `create_by`, `create_time`, `update_by`, `update_time`, `remark`) VALUES (8, '通知状态', 'sys_notice_status', '0', 'admin', '2023-04-20 19:54:30', '', NULL, '通知状态列表');
INSERT INTO `sys_dict_type` (`dict_id`, `dict_name`, `dict_type`, `status`, `create_by`, `create_time`, `update_by`, `update_time`, `remark`) VALUES (9, '操作类型', 'sys_oper_type', '0', 'admin', '2023-04-20 19:54:30', '', NULL, '操作类型列表');
INSERT INTO `sys_dict_type` (`dict_id`, `dict_name`, `dict_type`, `status`, `create_by`, `create_time`, `update_by`, `update_time`, `remark`) VALUES (10, '系统状态', 'sys_common_status', '0', 'admin', '2023-04-20 19:54:30', '', NULL, '登录状态列表');
INSERT INTO `sys_dict_type` (`dict_id`, `dict_name`, `dict_type`, `status`, `create_by`, `create_time`, `update_by`, `update_time`, `remark`) VALUES (100, '公司状态', 'company_status', '0', 'admin', '2023-04-25 10:17:26', 'admin', '2023-04-26 22:22:16', NULL);
INSERT INTO `sys_dict_type` (`dict_id`, `dict_name`, `dict_type`, `status`, `create_by`, `create_time`, `update_by`, `update_time`, `remark`) VALUES (103, '所属行业', 'industry_type', '0', 'admin', '2023-04-26 22:29:01', '', NULL, NULL);
COMMIT;

-- ----------------------------
-- Table structure for sys_job
-- ----------------------------
DROP TABLE IF EXISTS `sys_job`;
CREATE TABLE `sys_job` (
  `job_id` bigint NOT NULL AUTO_INCREMENT COMMENT '任务ID',
  `job_name` varchar(64) CHARACTER SET utf8mb4 COLLATE utf8mb4_general_ci NOT NULL DEFAULT '' COMMENT '任务名称',
  `job_group` varchar(64) CHARACTER SET utf8mb4 COLLATE utf8mb4_general_ci NOT NULL DEFAULT 'DEFAULT' COMMENT '任务组名',
  `invoke_target` varchar(500) CHARACTER SET utf8mb4 COLLATE utf8mb4_general_ci NOT NULL COMMENT '调用目标字符串',
  `cron_expression` varchar(255) CHARACTER SET utf8mb4 COLLATE utf8mb4_general_ci DEFAULT '' COMMENT 'cron执行表达式',
  `misfire_policy` varchar(20) CHARACTER SET utf8mb4 COLLATE utf8mb4_general_ci DEFAULT '3' COMMENT '计划执行错误策略（1立即执行 2执行一次 3放弃执行）',
  `concurrent` char(1) CHARACTER SET utf8mb4 COLLATE utf8mb4_general_ci DEFAULT '1' COMMENT '是否并发执行（0允许 1禁止）',
  `status` char(1) CHARACTER SET utf8mb4 COLLATE utf8mb4_general_ci DEFAULT '0' COMMENT '状态（0正常 1暂停）',
  `create_by` varchar(64) CHARACTER SET utf8mb4 COLLATE utf8mb4_general_ci DEFAULT '' COMMENT '创建者',
  `create_time` datetime DEFAULT NULL COMMENT '创建时间',
  `update_by` varchar(64) CHARACTER SET utf8mb4 COLLATE utf8mb4_general_ci DEFAULT '' COMMENT '更新者',
  `update_time` datetime DEFAULT NULL COMMENT '更新时间',
  `remark` varchar(500) CHARACTER SET utf8mb4 COLLATE utf8mb4_general_ci DEFAULT '' COMMENT '备注信息',
  PRIMARY KEY (`job_id`,`job_name`,`job_group`) USING BTREE
) ENGINE=InnoDB AUTO_INCREMENT=100 DEFAULT CHARSET=utf8mb4 COLLATE=utf8mb4_general_ci ROW_FORMAT=DYNAMIC COMMENT='定时任务调度表';

-- ----------------------------
-- Records of sys_job
-- ----------------------------
BEGIN;
INSERT INTO `sys_job` (`job_id`, `job_name`, `job_group`, `invoke_target`, `cron_expression`, `misfire_policy`, `concurrent`, `status`, `create_by`, `create_time`, `update_by`, `update_time`, `remark`) VALUES (1, '系统默认（无参）', 'DEFAULT', 'ryTask.ryNoParams', '0/10 * * * * ?', '3', '1', '1', 'admin', '2023-04-20 19:54:30', '', NULL, '');
INSERT INTO `sys_job` (`job_id`, `job_name`, `job_group`, `invoke_target`, `cron_expression`, `misfire_policy`, `concurrent`, `status`, `create_by`, `create_time`, `update_by`, `update_time`, `remark`) VALUES (2, '系统默认（有参）', 'DEFAULT', 'ryTask.ryParams(\'ry\')', '0/15 * * * * ?', '3', '1', '1', 'admin', '2023-04-20 19:54:30', '', NULL, '');
INSERT INTO `sys_job` (`job_id`, `job_name`, `job_group`, `invoke_target`, `cron_expression`, `misfire_policy`, `concurrent`, `status`, `create_by`, `create_time`, `update_by`, `update_time`, `remark`) VALUES (3, '系统默认（多参）', 'DEFAULT', 'ryTask.ryMultipleParams(\'ry\', true, 2000L, 316.50D, 100)', '0/20 * * * * ?', '3', '1', '1', 'admin', '2023-04-20 19:54:30', '', NULL, '');
COMMIT;

-- ----------------------------
-- Table structure for sys_job_log
-- ----------------------------
DROP TABLE IF EXISTS `sys_job_log`;
CREATE TABLE `sys_job_log` (
  `job_log_id` bigint NOT NULL AUTO_INCREMENT COMMENT '任务日志ID',
  `job_name` varchar(64) CHARACTER SET utf8mb4 COLLATE utf8mb4_general_ci NOT NULL COMMENT '任务名称',
  `job_group` varchar(64) CHARACTER SET utf8mb4 COLLATE utf8mb4_general_ci NOT NULL COMMENT '任务组名',
  `invoke_target` varchar(500) CHARACTER SET utf8mb4 COLLATE utf8mb4_general_ci NOT NULL COMMENT '调用目标字符串',
  `job_message` varchar(500) CHARACTER SET utf8mb4 COLLATE utf8mb4_general_ci DEFAULT NULL COMMENT '日志信息',
  `status` char(1) CHARACTER SET utf8mb4 COLLATE utf8mb4_general_ci DEFAULT '0' COMMENT '执行状态（0正常 1失败）',
  `exception_info` varchar(2000) CHARACTER SET utf8mb4 COLLATE utf8mb4_general_ci DEFAULT '' COMMENT '异常信息',
  `create_time` datetime DEFAULT NULL COMMENT '创建时间',
  PRIMARY KEY (`job_log_id`) USING BTREE
) ENGINE=InnoDB DEFAULT CHARSET=utf8mb4 COLLATE=utf8mb4_general_ci ROW_FORMAT=DYNAMIC COMMENT='定时任务调度日志表';

-- ----------------------------
-- Records of sys_job_log
-- ----------------------------
BEGIN;
COMMIT;

-- ----------------------------
-- Table structure for sys_logininfor
-- ----------------------------
DROP TABLE IF EXISTS `sys_logininfor`;
CREATE TABLE `sys_logininfor` (
  `info_id` bigint NOT NULL AUTO_INCREMENT COMMENT '访问ID',
  `user_name` varchar(50) CHARACTER SET utf8mb4 COLLATE utf8mb4_general_ci DEFAULT '' COMMENT '用户账号',
  `ipaddr` varchar(128) CHARACTER SET utf8mb4 COLLATE utf8mb4_general_ci DEFAULT '' COMMENT '登录IP地址',
  `login_location` varchar(255) CHARACTER SET utf8mb4 COLLATE utf8mb4_general_ci DEFAULT '' COMMENT '登录地点',
  `browser` varchar(50) CHARACTER SET utf8mb4 COLLATE utf8mb4_general_ci DEFAULT '' COMMENT '浏览器类型',
  `os` varchar(50) CHARACTER SET utf8mb4 COLLATE utf8mb4_general_ci DEFAULT '' COMMENT '操作系统',
  `status` char(1) CHARACTER SET utf8mb4 COLLATE utf8mb4_general_ci DEFAULT '0' COMMENT '登录状态（0成功 1失败）',
  `msg` varchar(255) CHARACTER SET utf8mb4 COLLATE utf8mb4_general_ci DEFAULT '' COMMENT '提示消息',
  `login_time` datetime DEFAULT NULL COMMENT '访问时间',
  PRIMARY KEY (`info_id`) USING BTREE,
  KEY `idx_sys_logininfor_s` (`status`) USING BTREE,
  KEY `idx_sys_logininfor_lt` (`login_time`) USING BTREE
) ENGINE=InnoDB AUTO_INCREMENT=168 DEFAULT CHARSET=utf8mb4 COLLATE=utf8mb4_general_ci ROW_FORMAT=DYNAMIC COMMENT='系统访问记录';

-- ----------------------------
-- Records of sys_logininfor
-- ----------------------------
BEGIN;
INSERT INTO `sys_logininfor` (`info_id`, `user_name`, `ipaddr`, `login_location`, `browser`, `os`, `status`, `msg`, `login_time`) VALUES (100, 'admin', '127.0.0.1', '内网IP', 'Chrome 11', 'Mac OS X', '0', '登录成功', '2023-04-20 22:34:02');
INSERT INTO `sys_logininfor` (`info_id`, `user_name`, `ipaddr`, `login_location`, `browser`, `os`, `status`, `msg`, `login_time`) VALUES (101, 'admin', '127.0.0.1', '内网IP', 'Mobile Safari', 'iOS 11 (iPhone)', '0', '登录成功', '2023-04-21 22:33:24');
INSERT INTO `sys_logininfor` (`info_id`, `user_name`, `ipaddr`, `login_location`, `browser`, `os`, `status`, `msg`, `login_time`) VALUES (102, 'admin', '127.0.0.1', '内网IP', 'Mobile Safari', 'iOS 11 (iPhone)', '0', '登录成功', '2023-04-21 22:36:56');
INSERT INTO `sys_logininfor` (`info_id`, `user_name`, `ipaddr`, `login_location`, `browser`, `os`, `status`, `msg`, `login_time`) VALUES (103, 'admin', '127.0.0.1', '内网IP', 'Mobile Safari', 'iOS 11 (iPhone)', '0', '登录成功', '2023-04-21 22:58:36');
INSERT INTO `sys_logininfor` (`info_id`, `user_name`, `ipaddr`, `login_location`, `browser`, `os`, `status`, `msg`, `login_time`) VALUES (104, 'admin', '127.0.0.1', '内网IP', 'Mobile Safari', 'iOS 11 (iPhone)', '0', '登录成功', '2023-04-21 23:25:02');
INSERT INTO `sys_logininfor` (`info_id`, `user_name`, `ipaddr`, `login_location`, `browser`, `os`, `status`, `msg`, `login_time`) VALUES (105, 'admin', '127.0.0.1', '内网IP', 'Mobile Safari', 'iOS 11 (iPhone)', '0', '登录成功', '2023-04-22 00:44:20');
INSERT INTO `sys_logininfor` (`info_id`, `user_name`, `ipaddr`, `login_location`, `browser`, `os`, `status`, `msg`, `login_time`) VALUES (106, 'admin', '127.0.0.1', '内网IP', 'Mobile Safari', 'iOS 11 (iPhone)', '1', '验证码错误', '2023-04-22 00:47:48');
INSERT INTO `sys_logininfor` (`info_id`, `user_name`, `ipaddr`, `login_location`, `browser`, `os`, `status`, `msg`, `login_time`) VALUES (107, 'admin', '127.0.0.1', '内网IP', 'Mobile Safari', 'iOS 11 (iPhone)', '0', '登录成功', '2023-04-22 00:47:54');
INSERT INTO `sys_logininfor` (`info_id`, `user_name`, `ipaddr`, `login_location`, `browser`, `os`, `status`, `msg`, `login_time`) VALUES (108, 'admin', '127.0.0.1', '内网IP', 'Mobile Safari', 'iOS 11 (iPhone)', '0', '登录成功', '2023-04-22 00:50:55');
INSERT INTO `sys_logininfor` (`info_id`, `user_name`, `ipaddr`, `login_location`, `browser`, `os`, `status`, `msg`, `login_time`) VALUES (109, 'admin', '127.0.0.1', '内网IP', 'Mobile Safari', 'iOS 11 (iPhone)', '1', '验证码错误', '2023-04-22 00:53:25');
INSERT INTO `sys_logininfor` (`info_id`, `user_name`, `ipaddr`, `login_location`, `browser`, `os`, `status`, `msg`, `login_time`) VALUES (110, 'admin', '127.0.0.1', '内网IP', 'Mobile Safari', 'iOS 11 (iPhone)', '0', '登录成功', '2023-04-22 00:53:29');
INSERT INTO `sys_logininfor` (`info_id`, `user_name`, `ipaddr`, `login_location`, `browser`, `os`, `status`, `msg`, `login_time`) VALUES (111, 'admin', '127.0.0.1', '内网IP', 'Mobile Safari', 'iOS 11 (iPhone)', '0', '登录成功', '2023-04-22 00:54:25');
INSERT INTO `sys_logininfor` (`info_id`, `user_name`, `ipaddr`, `login_location`, `browser`, `os`, `status`, `msg`, `login_time`) VALUES (112, 'admin', '127.0.0.1', '内网IP', 'Mobile Safari', 'iOS 11 (iPhone)', '1', '验证码错误', '2023-04-22 00:54:40');
INSERT INTO `sys_logininfor` (`info_id`, `user_name`, `ipaddr`, `login_location`, `browser`, `os`, `status`, `msg`, `login_time`) VALUES (113, 'admin', '127.0.0.1', '内网IP', 'Mobile Safari', 'iOS 11 (iPhone)', '0', '登录成功', '2023-04-22 00:54:46');
INSERT INTO `sys_logininfor` (`info_id`, `user_name`, `ipaddr`, `login_location`, `browser`, `os`, `status`, `msg`, `login_time`) VALUES (114, 'admin', '127.0.0.1', '内网IP', 'Mobile Safari', 'iOS 11 (iPhone)', '0', '登录成功', '2023-04-22 00:55:44');
INSERT INTO `sys_logininfor` (`info_id`, `user_name`, `ipaddr`, `login_location`, `browser`, `os`, `status`, `msg`, `login_time`) VALUES (115, 'admin', '127.0.0.1', '内网IP', 'Mobile Safari', 'iOS 11 (iPhone)', '0', '登录成功', '2023-04-22 10:28:55');
INSERT INTO `sys_logininfor` (`info_id`, `user_name`, `ipaddr`, `login_location`, `browser`, `os`, `status`, `msg`, `login_time`) VALUES (116, 'admin', '127.0.0.1', '内网IP', 'Mobile Safari', 'iOS 11 (iPhone)', '0', '登录成功', '2023-04-22 10:30:19');
INSERT INTO `sys_logininfor` (`info_id`, `user_name`, `ipaddr`, `login_location`, `browser`, `os`, `status`, `msg`, `login_time`) VALUES (117, 'admin', '127.0.0.1', '内网IP', 'Mobile Safari', 'iOS 11 (iPhone)', '0', '登录成功', '2023-04-22 10:32:27');
INSERT INTO `sys_logininfor` (`info_id`, `user_name`, `ipaddr`, `login_location`, `browser`, `os`, `status`, `msg`, `login_time`) VALUES (118, 'admin', '127.0.0.1', '内网IP', 'Mobile Safari', 'iOS 11 (iPhone)', '1', '验证码错误', '2023-04-22 10:45:57');
INSERT INTO `sys_logininfor` (`info_id`, `user_name`, `ipaddr`, `login_location`, `browser`, `os`, `status`, `msg`, `login_time`) VALUES (119, 'admin', '127.0.0.1', '内网IP', 'Mobile Safari', 'iOS 11 (iPhone)', '1', '验证码错误', '2023-04-22 10:46:04');
INSERT INTO `sys_logininfor` (`info_id`, `user_name`, `ipaddr`, `login_location`, `browser`, `os`, `status`, `msg`, `login_time`) VALUES (120, 'admin', '127.0.0.1', '内网IP', 'Mobile Safari', 'iOS 11 (iPhone)', '0', '登录成功', '2023-04-22 10:46:09');
INSERT INTO `sys_logininfor` (`info_id`, `user_name`, `ipaddr`, `login_location`, `browser`, `os`, `status`, `msg`, `login_time`) VALUES (121, 'admin', '127.0.0.1', '内网IP', 'Mobile Safari', 'iOS 11 (iPhone)', '1', '验证码错误', '2023-04-22 10:49:50');
INSERT INTO `sys_logininfor` (`info_id`, `user_name`, `ipaddr`, `login_location`, `browser`, `os`, `status`, `msg`, `login_time`) VALUES (122, 'admin', '127.0.0.1', '内网IP', 'Mobile Safari', 'iOS 11 (iPhone)', '0', '登录成功', '2023-04-22 10:49:56');
INSERT INTO `sys_logininfor` (`info_id`, `user_name`, `ipaddr`, `login_location`, `browser`, `os`, `status`, `msg`, `login_time`) VALUES (123, 'admin', '127.0.0.1', '内网IP', 'Mobile Safari', 'iOS 11 (iPhone)', '0', '登录成功', '2023-04-22 11:09:39');
INSERT INTO `sys_logininfor` (`info_id`, `user_name`, `ipaddr`, `login_location`, `browser`, `os`, `status`, `msg`, `login_time`) VALUES (124, 'admin', '127.0.0.1', '内网IP', 'Mobile Safari', 'iOS 11 (iPhone)', '1', '验证码错误', '2023-04-22 11:11:43');
INSERT INTO `sys_logininfor` (`info_id`, `user_name`, `ipaddr`, `login_location`, `browser`, `os`, `status`, `msg`, `login_time`) VALUES (125, 'admin', '127.0.0.1', '内网IP', 'Mobile Safari', 'iOS 11 (iPhone)', '1', '验证码错误', '2023-04-22 11:11:50');
INSERT INTO `sys_logininfor` (`info_id`, `user_name`, `ipaddr`, `login_location`, `browser`, `os`, `status`, `msg`, `login_time`) VALUES (126, 'admin', '127.0.0.1', '内网IP', 'Mobile Safari', 'iOS 11 (iPhone)', '0', '登录成功', '2023-04-22 11:11:54');
INSERT INTO `sys_logininfor` (`info_id`, `user_name`, `ipaddr`, `login_location`, `browser`, `os`, `status`, `msg`, `login_time`) VALUES (127, 'admin', '127.0.0.1', '内网IP', 'Chrome 11', 'Mac OS X', '1', '验证码错误', '2023-04-22 19:52:01');
INSERT INTO `sys_logininfor` (`info_id`, `user_name`, `ipaddr`, `login_location`, `browser`, `os`, `status`, `msg`, `login_time`) VALUES (128, 'admin', '127.0.0.1', '内网IP', 'Chrome 11', 'Mac OS X', '0', '登录成功', '2023-04-22 19:52:05');
INSERT INTO `sys_logininfor` (`info_id`, `user_name`, `ipaddr`, `login_location`, `browser`, `os`, `status`, `msg`, `login_time`) VALUES (129, 'admin', '127.0.0.1', '内网IP', 'Mobile Safari', 'iOS 11 (iPhone)', '0', '登录成功', '2023-04-23 20:17:10');
INSERT INTO `sys_logininfor` (`info_id`, `user_name`, `ipaddr`, `login_location`, `browser`, `os`, `status`, `msg`, `login_time`) VALUES (130, 'admin', '192.168.1.3', '内网IP', 'Apple WebKit', 'Mac OS X (iPhone)', '0', '登录成功', '2023-04-23 20:43:00');
INSERT INTO `sys_logininfor` (`info_id`, `user_name`, `ipaddr`, `login_location`, `browser`, `os`, `status`, `msg`, `login_time`) VALUES (131, 'admin', '127.0.0.1', '内网IP', 'Chrome 11', 'Mac OS X', '0', '登录成功', '2023-04-24 12:13:03');
INSERT INTO `sys_logininfor` (`info_id`, `user_name`, `ipaddr`, `login_location`, `browser`, `os`, `status`, `msg`, `login_time`) VALUES (132, 'admin', '127.0.0.1', '内网IP', 'Chrome 11', 'Mac OS X', '0', '退出成功', '2023-04-24 14:31:02');
INSERT INTO `sys_logininfor` (`info_id`, `user_name`, `ipaddr`, `login_location`, `browser`, `os`, `status`, `msg`, `login_time`) VALUES (133, 'admin', '127.0.0.1', '内网IP', 'Chrome 11', 'Mac OS X', '0', '登录成功', '2023-04-24 14:31:14');
INSERT INTO `sys_logininfor` (`info_id`, `user_name`, `ipaddr`, `login_location`, `browser`, `os`, `status`, `msg`, `login_time`) VALUES (134, 'admin', '192.168.1.2', '内网IP', 'Mobile Safari', 'iOS 11 (iPhone)', '0', '登录成功', '2023-04-24 14:37:24');
INSERT INTO `sys_logininfor` (`info_id`, `user_name`, `ipaddr`, `login_location`, `browser`, `os`, `status`, `msg`, `login_time`) VALUES (135, 'admin', '127.0.0.1', '内网IP', 'Chrome 11', 'Mac OS X', '0', '退出成功', '2023-04-24 22:32:51');
INSERT INTO `sys_logininfor` (`info_id`, `user_name`, `ipaddr`, `login_location`, `browser`, `os`, `status`, `msg`, `login_time`) VALUES (136, 'admin', '127.0.0.1', '内网IP', 'Chrome 11', 'Mac OS X', '0', '登录成功', '2023-04-24 22:38:49');
INSERT INTO `sys_logininfor` (`info_id`, `user_name`, `ipaddr`, `login_location`, `browser`, `os`, `status`, `msg`, `login_time`) VALUES (137, 'admin', '127.0.0.1', '内网IP', 'Chrome 11', 'Mac OS X', '0', '登录成功', '2023-04-25 10:10:43');
INSERT INTO `sys_logininfor` (`info_id`, `user_name`, `ipaddr`, `login_location`, `browser`, `os`, `status`, `msg`, `login_time`) VALUES (138, 'admin', '127.0.0.1', '内网IP', 'Chrome 11', 'Mac OS X', '0', '登录成功', '2023-04-26 10:40:40');
INSERT INTO `sys_logininfor` (`info_id`, `user_name`, `ipaddr`, `login_location`, `browser`, `os`, `status`, `msg`, `login_time`) VALUES (139, 'admin', '127.0.0.1', '内网IP', 'Chrome 11', 'Mac OS X', '0', '退出成功', '2023-04-26 19:24:56');
INSERT INTO `sys_logininfor` (`info_id`, `user_name`, `ipaddr`, `login_location`, `browser`, `os`, `status`, `msg`, `login_time`) VALUES (140, 'admin', '127.0.0.1', '内网IP', 'Chrome 11', 'Mac OS X', '0', '登录成功', '2023-04-26 19:25:16');
INSERT INTO `sys_logininfor` (`info_id`, `user_name`, `ipaddr`, `login_location`, `browser`, `os`, `status`, `msg`, `login_time`) VALUES (141, 'admin', '127.0.0.1', '内网IP', 'Chrome 11', 'Mac OS X', '0', '退出成功', '2023-04-27 13:36:11');
INSERT INTO `sys_logininfor` (`info_id`, `user_name`, `ipaddr`, `login_location`, `browser`, `os`, `status`, `msg`, `login_time`) VALUES (142, 'tianxieyuan', '127.0.0.1', '内网IP', 'Chrome 11', 'Mac OS X', '1', '验证码错误', '2023-04-27 13:36:21');
INSERT INTO `sys_logininfor` (`info_id`, `user_name`, `ipaddr`, `login_location`, `browser`, `os`, `status`, `msg`, `login_time`) VALUES (143, 'tianxieyuan', '127.0.0.1', '内网IP', 'Chrome 11', 'Mac OS X', '0', '登录成功', '2023-04-27 13:36:24');
INSERT INTO `sys_logininfor` (`info_id`, `user_name`, `ipaddr`, `login_location`, `browser`, `os`, `status`, `msg`, `login_time`) VALUES (144, 'tianxieyuan', '127.0.0.1', '内网IP', 'Chrome 11', 'Mac OS X', '0', '退出成功', '2023-04-27 13:39:07');
INSERT INTO `sys_logininfor` (`info_id`, `user_name`, `ipaddr`, `login_location`, `browser`, `os`, `status`, `msg`, `login_time`) VALUES (145, 'admin', '127.0.0.1', '内网IP', 'Chrome 11', 'Mac OS X', '0', '登录成功', '2023-04-27 13:39:25');
INSERT INTO `sys_logininfor` (`info_id`, `user_name`, `ipaddr`, `login_location`, `browser`, `os`, `status`, `msg`, `login_time`) VALUES (146, 'admin', '127.0.0.1', '内网IP', 'Chrome 11', 'Mac OS X', '0', '退出成功', '2023-04-27 22:47:29');
INSERT INTO `sys_logininfor` (`info_id`, `user_name`, `ipaddr`, `login_location`, `browser`, `os`, `status`, `msg`, `login_time`) VALUES (147, 'admin', '127.0.0.1', '内网IP', 'Chrome 11', 'Mac OS X', '0', '登录成功', '2023-04-27 22:50:09');
INSERT INTO `sys_logininfor` (`info_id`, `user_name`, `ipaddr`, `login_location`, `browser`, `os`, `status`, `msg`, `login_time`) VALUES (148, 'admin', '127.0.0.1', '内网IP', 'Chrome 11', 'Mac OS X', '0', '退出成功', '2023-04-27 22:52:09');
INSERT INTO `sys_logininfor` (`info_id`, `user_name`, `ipaddr`, `login_location`, `browser`, `os`, `status`, `msg`, `login_time`) VALUES (149, 'tianxieyuan', '127.0.0.1', '内网IP', 'Chrome 11', 'Mac OS X', '0', '登录成功', '2023-04-27 22:52:26');
INSERT INTO `sys_logininfor` (`info_id`, `user_name`, `ipaddr`, `login_location`, `browser`, `os`, `status`, `msg`, `login_time`) VALUES (150, 'tianxieyuan', '127.0.0.1', '内网IP', 'Chrome 11', 'Mac OS X', '0', '退出成功', '2023-04-27 22:52:42');
INSERT INTO `sys_logininfor` (`info_id`, `user_name`, `ipaddr`, `login_location`, `browser`, `os`, `status`, `msg`, `login_time`) VALUES (151, 'shenheyuan', '127.0.0.1', '内网IP', 'Chrome 11', 'Mac OS X', '0', '登录成功', '2023-04-27 22:52:56');
INSERT INTO `sys_logininfor` (`info_id`, `user_name`, `ipaddr`, `login_location`, `browser`, `os`, `status`, `msg`, `login_time`) VALUES (152, 'shenheyuan', '127.0.0.1', '内网IP', 'Chrome 11', 'Mac OS X', '0', '退出成功', '2023-04-27 22:58:32');
INSERT INTO `sys_logininfor` (`info_id`, `user_name`, `ipaddr`, `login_location`, `browser`, `os`, `status`, `msg`, `login_time`) VALUES (153, 'tianxieyuan', '127.0.0.1', '内网IP', 'Chrome 11', 'Mac OS X', '0', '登录成功', '2023-04-27 22:58:41');
INSERT INTO `sys_logininfor` (`info_id`, `user_name`, `ipaddr`, `login_location`, `browser`, `os`, `status`, `msg`, `login_time`) VALUES (154, 'tianxieyuan', '127.0.0.1', '内网IP', 'Chrome 11', 'Mac OS X', '0', '退出成功', '2023-04-27 23:15:16');
INSERT INTO `sys_logininfor` (`info_id`, `user_name`, `ipaddr`, `login_location`, `browser`, `os`, `status`, `msg`, `login_time`) VALUES (155, 'shenheyuan', '127.0.0.1', '内网IP', 'Chrome 11', 'Mac OS X', '0', '登录成功', '2023-04-27 23:15:28');
INSERT INTO `sys_logininfor` (`info_id`, `user_name`, `ipaddr`, `login_location`, `browser`, `os`, `status`, `msg`, `login_time`) VALUES (156, 'shenheyuan', '127.0.0.1', '内网IP', 'Chrome 11', 'Mac OS X', '0', '退出成功', '2023-04-27 23:17:19');
INSERT INTO `sys_logininfor` (`info_id`, `user_name`, `ipaddr`, `login_location`, `browser`, `os`, `status`, `msg`, `login_time`) VALUES (157, 'admin', '127.0.0.1', '内网IP', 'Chrome 11', 'Mac OS X', '0', '登录成功', '2023-04-27 23:17:23');
INSERT INTO `sys_logininfor` (`info_id`, `user_name`, `ipaddr`, `login_location`, `browser`, `os`, `status`, `msg`, `login_time`) VALUES (158, 'admin', '127.0.0.1', '内网IP', 'Chrome 11', 'Mac OS X', '0', '退出成功', '2023-04-27 23:18:13');
INSERT INTO `sys_logininfor` (`info_id`, `user_name`, `ipaddr`, `login_location`, `browser`, `os`, `status`, `msg`, `login_time`) VALUES (159, 'tianxieyuan', '127.0.0.1', '内网IP', 'Chrome 11', 'Mac OS X', '0', '登录成功', '2023-04-27 23:18:22');
INSERT INTO `sys_logininfor` (`info_id`, `user_name`, `ipaddr`, `login_location`, `browser`, `os`, `status`, `msg`, `login_time`) VALUES (160, 'tianxieyuan', '127.0.0.1', '内网IP', 'Chrome 11', 'Mac OS X', '0', '退出成功', '2023-04-27 23:26:25');
INSERT INTO `sys_logininfor` (`info_id`, `user_name`, `ipaddr`, `login_location`, `browser`, `os`, `status`, `msg`, `login_time`) VALUES (161, 'shenheyuan', '127.0.0.1', '内网IP', 'Chrome 11', 'Mac OS X', '0', '登录成功', '2023-04-27 23:26:33');
INSERT INTO `sys_logininfor` (`info_id`, `user_name`, `ipaddr`, `login_location`, `browser`, `os`, `status`, `msg`, `login_time`) VALUES (162, 'shenheyuan', '127.0.0.1', '内网IP', 'Chrome 11', 'Mac OS X', '0', '退出成功', '2023-04-27 23:27:50');
INSERT INTO `sys_logininfor` (`info_id`, `user_name`, `ipaddr`, `login_location`, `browser`, `os`, `status`, `msg`, `login_time`) VALUES (163, 'admin', '127.0.0.1', '内网IP', 'Chrome 11', 'Mac OS X', '0', '登录成功', '2023-04-27 23:28:05');
INSERT INTO `sys_logininfor` (`info_id`, `user_name`, `ipaddr`, `login_location`, `browser`, `os`, `status`, `msg`, `login_time`) VALUES (164, 'admin', '127.0.0.1', '内网IP', 'Chrome 11', 'Mac OS X', '0', '退出成功', '2023-04-27 23:28:35');
INSERT INTO `sys_logininfor` (`info_id`, `user_name`, `ipaddr`, `login_location`, `browser`, `os`, `status`, `msg`, `login_time`) VALUES (165, 'tianxieyuan', '127.0.0.1', '内网IP', 'Chrome 11', 'Mac OS X', '0', '登录成功', '2023-04-27 23:28:48');
INSERT INTO `sys_logininfor` (`info_id`, `user_name`, `ipaddr`, `login_location`, `browser`, `os`, `status`, `msg`, `login_time`) VALUES (166, 'tianxieyuan', '127.0.0.1', '内网IP', 'Chrome 11', 'Mac OS X', '0', '退出成功', '2023-04-27 23:30:24');
INSERT INTO `sys_logininfor` (`info_id`, `user_name`, `ipaddr`, `login_location`, `browser`, `os`, `status`, `msg`, `login_time`) VALUES (167, 'shenheyuan', '127.0.0.1', '内网IP', 'Chrome 11', 'Mac OS X', '0', '登录成功', '2023-04-27 23:30:32');
COMMIT;

-- ----------------------------
-- Table structure for sys_menu
-- ----------------------------
DROP TABLE IF EXISTS `sys_menu`;
CREATE TABLE `sys_menu` (
  `menu_id` bigint NOT NULL AUTO_INCREMENT COMMENT '菜单ID',
  `menu_name` varchar(50) CHARACTER SET utf8mb4 COLLATE utf8mb4_general_ci NOT NULL COMMENT '菜单名称',
  `parent_id` bigint DEFAULT '0' COMMENT '父菜单ID',
  `order_num` int DEFAULT '0' COMMENT '显示顺序',
  `path` varchar(200) CHARACTER SET utf8mb4 COLLATE utf8mb4_general_ci DEFAULT '' COMMENT '路由地址',
  `component` varchar(255) CHARACTER SET utf8mb4 COLLATE utf8mb4_general_ci DEFAULT NULL COMMENT '组件路径',
  `query` varchar(255) CHARACTER SET utf8mb4 COLLATE utf8mb4_general_ci DEFAULT NULL COMMENT '路由参数',
  `is_frame` int DEFAULT '1' COMMENT '是否为外链（0是 1否）',
  `is_cache` int DEFAULT '0' COMMENT '是否缓存（0缓存 1不缓存）',
  `menu_type` char(1) CHARACTER SET utf8mb4 COLLATE utf8mb4_general_ci DEFAULT '' COMMENT '菜单类型（M目录 C菜单 F按钮）',
  `visible` char(1) CHARACTER SET utf8mb4 COLLATE utf8mb4_general_ci DEFAULT '0' COMMENT '菜单状态（0显示 1隐藏）',
  `status` char(1) CHARACTER SET utf8mb4 COLLATE utf8mb4_general_ci DEFAULT '0' COMMENT '菜单状态（0正常 1停用）',
  `perms` varchar(100) CHARACTER SET utf8mb4 COLLATE utf8mb4_general_ci DEFAULT NULL COMMENT '权限标识',
  `icon` varchar(100) CHARACTER SET utf8mb4 COLLATE utf8mb4_general_ci DEFAULT '#' COMMENT '菜单图标',
  `create_by` varchar(64) CHARACTER SET utf8mb4 COLLATE utf8mb4_general_ci DEFAULT '' COMMENT '创建者',
  `create_time` datetime DEFAULT NULL COMMENT '创建时间',
  `update_by` varchar(64) CHARACTER SET utf8mb4 COLLATE utf8mb4_general_ci DEFAULT '' COMMENT '更新者',
  `update_time` datetime DEFAULT NULL COMMENT '更新时间',
  `remark` varchar(500) CHARACTER SET utf8mb4 COLLATE utf8mb4_general_ci DEFAULT '' COMMENT '备注',
  PRIMARY KEY (`menu_id`) USING BTREE
) ENGINE=InnoDB AUTO_INCREMENT=2069 DEFAULT CHARSET=utf8mb4 COLLATE=utf8mb4_general_ci ROW_FORMAT=DYNAMIC COMMENT='菜单权限表';

-- ----------------------------
-- Records of sys_menu
-- ----------------------------
BEGIN;
INSERT INTO `sys_menu` (`menu_id`, `menu_name`, `parent_id`, `order_num`, `path`, `component`, `query`, `is_frame`, `is_cache`, `menu_type`, `visible`, `status`, `perms`, `icon`, `create_by`, `create_time`, `update_by`, `update_time`, `remark`) VALUES (1, '系统管理', 0, 1, 'system', NULL, '', 1, 0, 'M', '0', '0', '', 'system', 'admin', '2023-04-20 19:54:30', '', NULL, '系统管理目录');
INSERT INTO `sys_menu` (`menu_id`, `menu_name`, `parent_id`, `order_num`, `path`, `component`, `query`, `is_frame`, `is_cache`, `menu_type`, `visible`, `status`, `perms`, `icon`, `create_by`, `create_time`, `update_by`, `update_time`, `remark`) VALUES (2, '系统监控', 0, 2, 'monitor', NULL, '', 1, 0, 'M', '0', '1', '', 'monitor', 'admin', '2023-04-20 19:54:30', 'admin', '2023-04-20 22:36:37', '系统监控目录');
INSERT INTO `sys_menu` (`menu_id`, `menu_name`, `parent_id`, `order_num`, `path`, `component`, `query`, `is_frame`, `is_cache`, `menu_type`, `visible`, `status`, `perms`, `icon`, `create_by`, `create_time`, `update_by`, `update_time`, `remark`) VALUES (3, '系统工具', 0, 3, 'tool', NULL, '', 1, 0, 'M', '0', '0', '', 'tool', 'admin', '2023-04-20 19:54:30', 'admin', '2023-04-26 20:23:39', '系统工具目录');
INSERT INTO `sys_menu` (`menu_id`, `menu_name`, `parent_id`, `order_num`, `path`, `component`, `query`, `is_frame`, `is_cache`, `menu_type`, `visible`, `status`, `perms`, `icon`, `create_by`, `create_time`, `update_by`, `update_time`, `remark`) VALUES (100, '用户管理', 1, 1, 'user', 'system/user/index', '', 1, 0, 'C', '0', '0', 'system:user:list', 'user', 'admin', '2023-04-20 19:54:30', '', NULL, '用户管理菜单');
INSERT INTO `sys_menu` (`menu_id`, `menu_name`, `parent_id`, `order_num`, `path`, `component`, `query`, `is_frame`, `is_cache`, `menu_type`, `visible`, `status`, `perms`, `icon`, `create_by`, `create_time`, `update_by`, `update_time`, `remark`) VALUES (101, '角色管理', 1, 2, 'role', 'system/role/index', '', 1, 0, 'C', '0', '0', 'system:role:list', 'peoples', 'admin', '2023-04-20 19:54:30', '', NULL, '角色管理菜单');
INSERT INTO `sys_menu` (`menu_id`, `menu_name`, `parent_id`, `order_num`, `path`, `component`, `query`, `is_frame`, `is_cache`, `menu_type`, `visible`, `status`, `perms`, `icon`, `create_by`, `create_time`, `update_by`, `update_time`, `remark`) VALUES (102, '菜单管理', 1, 3, 'menu', 'system/menu/index', '', 1, 0, 'C', '0', '0', 'system:menu:list', 'tree-table', 'admin', '2023-04-20 19:54:30', '', NULL, '菜单管理菜单');
INSERT INTO `sys_menu` (`menu_id`, `menu_name`, `parent_id`, `order_num`, `path`, `component`, `query`, `is_frame`, `is_cache`, `menu_type`, `visible`, `status`, `perms`, `icon`, `create_by`, `create_time`, `update_by`, `update_time`, `remark`) VALUES (103, '部门管理', 1, 4, 'dept', 'system/dept/index', '', 1, 0, 'C', '0', '1', 'system:dept:list', 'tree', 'admin', '2023-04-20 19:54:30', 'admin', '2023-04-20 22:36:46', '部门管理菜单');
INSERT INTO `sys_menu` (`menu_id`, `menu_name`, `parent_id`, `order_num`, `path`, `component`, `query`, `is_frame`, `is_cache`, `menu_type`, `visible`, `status`, `perms`, `icon`, `create_by`, `create_time`, `update_by`, `update_time`, `remark`) VALUES (104, '岗位管理', 1, 5, 'post', 'system/post/index', '', 1, 0, 'C', '0', '1', 'system:post:list', 'post', 'admin', '2023-04-20 19:54:30', 'admin', '2023-04-20 22:36:50', '岗位管理菜单');
INSERT INTO `sys_menu` (`menu_id`, `menu_name`, `parent_id`, `order_num`, `path`, `component`, `query`, `is_frame`, `is_cache`, `menu_type`, `visible`, `status`, `perms`, `icon`, `create_by`, `create_time`, `update_by`, `update_time`, `remark`) VALUES (105, '字典管理', 1, 6, 'dict', 'system/dict/index', '', 1, 0, 'C', '0', '0', 'system:dict:list', 'dict', 'admin', '2023-04-20 19:54:30', 'admin', '2023-04-25 10:16:14', '字典管理菜单');
INSERT INTO `sys_menu` (`menu_id`, `menu_name`, `parent_id`, `order_num`, `path`, `component`, `query`, `is_frame`, `is_cache`, `menu_type`, `visible`, `status`, `perms`, `icon`, `create_by`, `create_time`, `update_by`, `update_time`, `remark`) VALUES (106, '参数设置', 1, 7, 'config', 'system/config/index', '', 1, 0, 'C', '0', '1', 'system:config:list', 'edit', 'admin', '2023-04-20 19:54:30', 'admin', '2023-04-20 22:36:55', '参数设置菜单');
INSERT INTO `sys_menu` (`menu_id`, `menu_name`, `parent_id`, `order_num`, `path`, `component`, `query`, `is_frame`, `is_cache`, `menu_type`, `visible`, `status`, `perms`, `icon`, `create_by`, `create_time`, `update_by`, `update_time`, `remark`) VALUES (107, '通知公告', 1, 8, 'notice', 'system/notice/index', '', 1, 0, 'C', '0', '1', 'system:notice:list', 'message', 'admin', '2023-04-20 19:54:30', 'admin', '2023-04-20 22:37:02', '通知公告菜单');
INSERT INTO `sys_menu` (`menu_id`, `menu_name`, `parent_id`, `order_num`, `path`, `component`, `query`, `is_frame`, `is_cache`, `menu_type`, `visible`, `status`, `perms`, `icon`, `create_by`, `create_time`, `update_by`, `update_time`, `remark`) VALUES (108, '日志管理', 1, 9, 'log', '', '', 1, 0, 'M', '0', '1', '', 'log', 'admin', '2023-04-20 19:54:30', 'admin', '2023-04-20 22:37:06', '日志管理菜单');
INSERT INTO `sys_menu` (`menu_id`, `menu_name`, `parent_id`, `order_num`, `path`, `component`, `query`, `is_frame`, `is_cache`, `menu_type`, `visible`, `status`, `perms`, `icon`, `create_by`, `create_time`, `update_by`, `update_time`, `remark`) VALUES (109, '在线用户', 2, 1, 'online', 'monitor/online/index', '', 1, 0, 'C', '0', '0', 'monitor:online:list', 'online', 'admin', '2023-04-20 19:54:30', '', NULL, '在线用户菜单');
INSERT INTO `sys_menu` (`menu_id`, `menu_name`, `parent_id`, `order_num`, `path`, `component`, `query`, `is_frame`, `is_cache`, `menu_type`, `visible`, `status`, `perms`, `icon`, `create_by`, `create_time`, `update_by`, `update_time`, `remark`) VALUES (110, '定时任务', 2, 2, 'job', 'monitor/job/index', '', 1, 0, 'C', '0', '0', 'monitor:job:list', 'job', 'admin', '2023-04-20 19:54:30', '', NULL, '定时任务菜单');
INSERT INTO `sys_menu` (`menu_id`, `menu_name`, `parent_id`, `order_num`, `path`, `component`, `query`, `is_frame`, `is_cache`, `menu_type`, `visible`, `status`, `perms`, `icon`, `create_by`, `create_time`, `update_by`, `update_time`, `remark`) VALUES (111, '数据监控', 2, 3, 'druid', 'monitor/druid/index', '', 1, 0, 'C', '0', '0', 'monitor:druid:list', 'druid', 'admin', '2023-04-20 19:54:30', '', NULL, '数据监控菜单');
INSERT INTO `sys_menu` (`menu_id`, `menu_name`, `parent_id`, `order_num`, `path`, `component`, `query`, `is_frame`, `is_cache`, `menu_type`, `visible`, `status`, `perms`, `icon`, `create_by`, `create_time`, `update_by`, `update_time`, `remark`) VALUES (112, '服务监控', 2, 4, 'server', 'monitor/server/index', '', 1, 0, 'C', '0', '0', 'monitor:server:list', 'server', 'admin', '2023-04-20 19:54:30', '', NULL, '服务监控菜单');
INSERT INTO `sys_menu` (`menu_id`, `menu_name`, `parent_id`, `order_num`, `path`, `component`, `query`, `is_frame`, `is_cache`, `menu_type`, `visible`, `status`, `perms`, `icon`, `create_by`, `create_time`, `update_by`, `update_time`, `remark`) VALUES (113, '缓存监控', 2, 5, 'cache', 'monitor/cache/index', '', 1, 0, 'C', '0', '0', 'monitor:cache:list', 'redis', 'admin', '2023-04-20 19:54:30', '', NULL, '缓存监控菜单');
INSERT INTO `sys_menu` (`menu_id`, `menu_name`, `parent_id`, `order_num`, `path`, `component`, `query`, `is_frame`, `is_cache`, `menu_type`, `visible`, `status`, `perms`, `icon`, `create_by`, `create_time`, `update_by`, `update_time`, `remark`) VALUES (114, '缓存列表', 2, 6, 'cacheList', 'monitor/cache/list', '', 1, 0, 'C', '0', '0', 'monitor:cache:list', 'redis-list', 'admin', '2023-04-20 19:54:30', '', NULL, '缓存列表菜单');
INSERT INTO `sys_menu` (`menu_id`, `menu_name`, `parent_id`, `order_num`, `path`, `component`, `query`, `is_frame`, `is_cache`, `menu_type`, `visible`, `status`, `perms`, `icon`, `create_by`, `create_time`, `update_by`, `update_time`, `remark`) VALUES (115, '表单构建', 3, 1, 'build', 'tool/build/index', '', 1, 0, 'C', '0', '0', 'tool:build:list', 'build', 'admin', '2023-04-20 19:54:30', '', NULL, '表单构建菜单');
INSERT INTO `sys_menu` (`menu_id`, `menu_name`, `parent_id`, `order_num`, `path`, `component`, `query`, `is_frame`, `is_cache`, `menu_type`, `visible`, `status`, `perms`, `icon`, `create_by`, `create_time`, `update_by`, `update_time`, `remark`) VALUES (116, '代码生成', 3, 2, 'gen', 'tool/gen/index', '', 1, 0, 'C', '0', '0', 'tool:gen:list', 'code', 'admin', '2023-04-20 19:54:30', '', NULL, '代码生成菜单');
INSERT INTO `sys_menu` (`menu_id`, `menu_name`, `parent_id`, `order_num`, `path`, `component`, `query`, `is_frame`, `is_cache`, `menu_type`, `visible`, `status`, `perms`, `icon`, `create_by`, `create_time`, `update_by`, `update_time`, `remark`) VALUES (117, '系统接口', 3, 3, 'swagger', 'tool/swagger/index', '', 1, 0, 'C', '0', '0', 'tool:swagger:list', 'swagger', 'admin', '2023-04-20 19:54:30', '', NULL, '系统接口菜单');
INSERT INTO `sys_menu` (`menu_id`, `menu_name`, `parent_id`, `order_num`, `path`, `component`, `query`, `is_frame`, `is_cache`, `menu_type`, `visible`, `status`, `perms`, `icon`, `create_by`, `create_time`, `update_by`, `update_time`, `remark`) VALUES (500, '操作日志', 108, 1, 'operlog', 'monitor/operlog/index', '', 1, 0, 'C', '0', '0', 'monitor:operlog:list', 'form', 'admin', '2023-04-20 19:54:30', '', NULL, '操作日志菜单');
INSERT INTO `sys_menu` (`menu_id`, `menu_name`, `parent_id`, `order_num`, `path`, `component`, `query`, `is_frame`, `is_cache`, `menu_type`, `visible`, `status`, `perms`, `icon`, `create_by`, `create_time`, `update_by`, `update_time`, `remark`) VALUES (501, '登录日志', 108, 2, 'logininfor', 'monitor/logininfor/index', '', 1, 0, 'C', '0', '0', 'monitor:logininfor:list', 'logininfor', 'admin', '2023-04-20 19:54:30', '', NULL, '登录日志菜单');
INSERT INTO `sys_menu` (`menu_id`, `menu_name`, `parent_id`, `order_num`, `path`, `component`, `query`, `is_frame`, `is_cache`, `menu_type`, `visible`, `status`, `perms`, `icon`, `create_by`, `create_time`, `update_by`, `update_time`, `remark`) VALUES (1000, '用户查询', 100, 1, '', '', '', 1, 0, 'F', '0', '0', 'system:user:query', '#', 'admin', '2023-04-20 19:54:30', '', NULL, '');
INSERT INTO `sys_menu` (`menu_id`, `menu_name`, `parent_id`, `order_num`, `path`, `component`, `query`, `is_frame`, `is_cache`, `menu_type`, `visible`, `status`, `perms`, `icon`, `create_by`, `create_time`, `update_by`, `update_time`, `remark`) VALUES (1001, '用户新增', 100, 2, '', '', '', 1, 0, 'F', '0', '0', 'system:user:add', '#', 'admin', '2023-04-20 19:54:30', '', NULL, '');
INSERT INTO `sys_menu` (`menu_id`, `menu_name`, `parent_id`, `order_num`, `path`, `component`, `query`, `is_frame`, `is_cache`, `menu_type`, `visible`, `status`, `perms`, `icon`, `create_by`, `create_time`, `update_by`, `update_time`, `remark`) VALUES (1002, '用户修改', 100, 3, '', '', '', 1, 0, 'F', '0', '0', 'system:user:edit', '#', 'admin', '2023-04-20 19:54:30', '', NULL, '');
INSERT INTO `sys_menu` (`menu_id`, `menu_name`, `parent_id`, `order_num`, `path`, `component`, `query`, `is_frame`, `is_cache`, `menu_type`, `visible`, `status`, `perms`, `icon`, `create_by`, `create_time`, `update_by`, `update_time`, `remark`) VALUES (1003, '用户删除', 100, 4, '', '', '', 1, 0, 'F', '0', '0', 'system:user:remove', '#', 'admin', '2023-04-20 19:54:30', '', NULL, '');
INSERT INTO `sys_menu` (`menu_id`, `menu_name`, `parent_id`, `order_num`, `path`, `component`, `query`, `is_frame`, `is_cache`, `menu_type`, `visible`, `status`, `perms`, `icon`, `create_by`, `create_time`, `update_by`, `update_time`, `remark`) VALUES (1004, '用户导出', 100, 5, '', '', '', 1, 0, 'F', '0', '0', 'system:user:export', '#', 'admin', '2023-04-20 19:54:30', '', NULL, '');
INSERT INTO `sys_menu` (`menu_id`, `menu_name`, `parent_id`, `order_num`, `path`, `component`, `query`, `is_frame`, `is_cache`, `menu_type`, `visible`, `status`, `perms`, `icon`, `create_by`, `create_time`, `update_by`, `update_time`, `remark`) VALUES (1005, '用户导入', 100, 6, '', '', '', 1, 0, 'F', '0', '0', 'system:user:import', '#', 'admin', '2023-04-20 19:54:30', '', NULL, '');
INSERT INTO `sys_menu` (`menu_id`, `menu_name`, `parent_id`, `order_num`, `path`, `component`, `query`, `is_frame`, `is_cache`, `menu_type`, `visible`, `status`, `perms`, `icon`, `create_by`, `create_time`, `update_by`, `update_time`, `remark`) VALUES (1006, '重置密码', 100, 7, '', '', '', 1, 0, 'F', '0', '0', 'system:user:resetPwd', '#', 'admin', '2023-04-20 19:54:30', '', NULL, '');
INSERT INTO `sys_menu` (`menu_id`, `menu_name`, `parent_id`, `order_num`, `path`, `component`, `query`, `is_frame`, `is_cache`, `menu_type`, `visible`, `status`, `perms`, `icon`, `create_by`, `create_time`, `update_by`, `update_time`, `remark`) VALUES (1007, '角色查询', 101, 1, '', '', '', 1, 0, 'F', '0', '0', 'system:role:query', '#', 'admin', '2023-04-20 19:54:30', '', NULL, '');
INSERT INTO `sys_menu` (`menu_id`, `menu_name`, `parent_id`, `order_num`, `path`, `component`, `query`, `is_frame`, `is_cache`, `menu_type`, `visible`, `status`, `perms`, `icon`, `create_by`, `create_time`, `update_by`, `update_time`, `remark`) VALUES (1008, '角色新增', 101, 2, '', '', '', 1, 0, 'F', '0', '0', 'system:role:add', '#', 'admin', '2023-04-20 19:54:30', '', NULL, '');
INSERT INTO `sys_menu` (`menu_id`, `menu_name`, `parent_id`, `order_num`, `path`, `component`, `query`, `is_frame`, `is_cache`, `menu_type`, `visible`, `status`, `perms`, `icon`, `create_by`, `create_time`, `update_by`, `update_time`, `remark`) VALUES (1009, '角色修改', 101, 3, '', '', '', 1, 0, 'F', '0', '0', 'system:role:edit', '#', 'admin', '2023-04-20 19:54:30', '', NULL, '');
INSERT INTO `sys_menu` (`menu_id`, `menu_name`, `parent_id`, `order_num`, `path`, `component`, `query`, `is_frame`, `is_cache`, `menu_type`, `visible`, `status`, `perms`, `icon`, `create_by`, `create_time`, `update_by`, `update_time`, `remark`) VALUES (1010, '角色删除', 101, 4, '', '', '', 1, 0, 'F', '0', '0', 'system:role:remove', '#', 'admin', '2023-04-20 19:54:30', '', NULL, '');
INSERT INTO `sys_menu` (`menu_id`, `menu_name`, `parent_id`, `order_num`, `path`, `component`, `query`, `is_frame`, `is_cache`, `menu_type`, `visible`, `status`, `perms`, `icon`, `create_by`, `create_time`, `update_by`, `update_time`, `remark`) VALUES (1011, '角色导出', 101, 5, '', '', '', 1, 0, 'F', '0', '0', 'system:role:export', '#', 'admin', '2023-04-20 19:54:30', '', NULL, '');
INSERT INTO `sys_menu` (`menu_id`, `menu_name`, `parent_id`, `order_num`, `path`, `component`, `query`, `is_frame`, `is_cache`, `menu_type`, `visible`, `status`, `perms`, `icon`, `create_by`, `create_time`, `update_by`, `update_time`, `remark`) VALUES (1012, '菜单查询', 102, 1, '', '', '', 1, 0, 'F', '0', '0', 'system:menu:query', '#', 'admin', '2023-04-20 19:54:30', '', NULL, '');
INSERT INTO `sys_menu` (`menu_id`, `menu_name`, `parent_id`, `order_num`, `path`, `component`, `query`, `is_frame`, `is_cache`, `menu_type`, `visible`, `status`, `perms`, `icon`, `create_by`, `create_time`, `update_by`, `update_time`, `remark`) VALUES (1013, '菜单新增', 102, 2, '', '', '', 1, 0, 'F', '0', '0', 'system:menu:add', '#', 'admin', '2023-04-20 19:54:30', '', NULL, '');
INSERT INTO `sys_menu` (`menu_id`, `menu_name`, `parent_id`, `order_num`, `path`, `component`, `query`, `is_frame`, `is_cache`, `menu_type`, `visible`, `status`, `perms`, `icon`, `create_by`, `create_time`, `update_by`, `update_time`, `remark`) VALUES (1014, '菜单修改', 102, 3, '', '', '', 1, 0, 'F', '0', '0', 'system:menu:edit', '#', 'admin', '2023-04-20 19:54:30', '', NULL, '');
INSERT INTO `sys_menu` (`menu_id`, `menu_name`, `parent_id`, `order_num`, `path`, `component`, `query`, `is_frame`, `is_cache`, `menu_type`, `visible`, `status`, `perms`, `icon`, `create_by`, `create_time`, `update_by`, `update_time`, `remark`) VALUES (1015, '菜单删除', 102, 4, '', '', '', 1, 0, 'F', '0', '0', 'system:menu:remove', '#', 'admin', '2023-04-20 19:54:30', '', NULL, '');
INSERT INTO `sys_menu` (`menu_id`, `menu_name`, `parent_id`, `order_num`, `path`, `component`, `query`, `is_frame`, `is_cache`, `menu_type`, `visible`, `status`, `perms`, `icon`, `create_by`, `create_time`, `update_by`, `update_time`, `remark`) VALUES (1016, '部门查询', 103, 1, '', '', '', 1, 0, 'F', '0', '0', 'system:dept:query', '#', 'admin', '2023-04-20 19:54:30', '', NULL, '');
INSERT INTO `sys_menu` (`menu_id`, `menu_name`, `parent_id`, `order_num`, `path`, `component`, `query`, `is_frame`, `is_cache`, `menu_type`, `visible`, `status`, `perms`, `icon`, `create_by`, `create_time`, `update_by`, `update_time`, `remark`) VALUES (1017, '部门新增', 103, 2, '', '', '', 1, 0, 'F', '0', '0', 'system:dept:add', '#', 'admin', '2023-04-20 19:54:30', '', NULL, '');
INSERT INTO `sys_menu` (`menu_id`, `menu_name`, `parent_id`, `order_num`, `path`, `component`, `query`, `is_frame`, `is_cache`, `menu_type`, `visible`, `status`, `perms`, `icon`, `create_by`, `create_time`, `update_by`, `update_time`, `remark`) VALUES (1018, '部门修改', 103, 3, '', '', '', 1, 0, 'F', '0', '0', 'system:dept:edit', '#', 'admin', '2023-04-20 19:54:30', '', NULL, '');
INSERT INTO `sys_menu` (`menu_id`, `menu_name`, `parent_id`, `order_num`, `path`, `component`, `query`, `is_frame`, `is_cache`, `menu_type`, `visible`, `status`, `perms`, `icon`, `create_by`, `create_time`, `update_by`, `update_time`, `remark`) VALUES (1019, '部门删除', 103, 4, '', '', '', 1, 0, 'F', '0', '0', 'system:dept:remove', '#', 'admin', '2023-04-20 19:54:30', '', NULL, '');
INSERT INTO `sys_menu` (`menu_id`, `menu_name`, `parent_id`, `order_num`, `path`, `component`, `query`, `is_frame`, `is_cache`, `menu_type`, `visible`, `status`, `perms`, `icon`, `create_by`, `create_time`, `update_by`, `update_time`, `remark`) VALUES (1020, '岗位查询', 104, 1, '', '', '', 1, 0, 'F', '0', '0', 'system:post:query', '#', 'admin', '2023-04-20 19:54:30', '', NULL, '');
INSERT INTO `sys_menu` (`menu_id`, `menu_name`, `parent_id`, `order_num`, `path`, `component`, `query`, `is_frame`, `is_cache`, `menu_type`, `visible`, `status`, `perms`, `icon`, `create_by`, `create_time`, `update_by`, `update_time`, `remark`) VALUES (1021, '岗位新增', 104, 2, '', '', '', 1, 0, 'F', '0', '0', 'system:post:add', '#', 'admin', '2023-04-20 19:54:30', '', NULL, '');
INSERT INTO `sys_menu` (`menu_id`, `menu_name`, `parent_id`, `order_num`, `path`, `component`, `query`, `is_frame`, `is_cache`, `menu_type`, `visible`, `status`, `perms`, `icon`, `create_by`, `create_time`, `update_by`, `update_time`, `remark`) VALUES (1022, '岗位修改', 104, 3, '', '', '', 1, 0, 'F', '0', '0', 'system:post:edit', '#', 'admin', '2023-04-20 19:54:30', '', NULL, '');
INSERT INTO `sys_menu` (`menu_id`, `menu_name`, `parent_id`, `order_num`, `path`, `component`, `query`, `is_frame`, `is_cache`, `menu_type`, `visible`, `status`, `perms`, `icon`, `create_by`, `create_time`, `update_by`, `update_time`, `remark`) VALUES (1023, '岗位删除', 104, 4, '', '', '', 1, 0, 'F', '0', '0', 'system:post:remove', '#', 'admin', '2023-04-20 19:54:30', '', NULL, '');
INSERT INTO `sys_menu` (`menu_id`, `menu_name`, `parent_id`, `order_num`, `path`, `component`, `query`, `is_frame`, `is_cache`, `menu_type`, `visible`, `status`, `perms`, `icon`, `create_by`, `create_time`, `update_by`, `update_time`, `remark`) VALUES (1024, '岗位导出', 104, 5, '', '', '', 1, 0, 'F', '0', '0', 'system:post:export', '#', 'admin', '2023-04-20 19:54:30', '', NULL, '');
INSERT INTO `sys_menu` (`menu_id`, `menu_name`, `parent_id`, `order_num`, `path`, `component`, `query`, `is_frame`, `is_cache`, `menu_type`, `visible`, `status`, `perms`, `icon`, `create_by`, `create_time`, `update_by`, `update_time`, `remark`) VALUES (1025, '字典查询', 105, 1, '#', '', '', 1, 0, 'F', '0', '0', 'system:dict:query', '#', 'admin', '2023-04-20 19:54:30', '', NULL, '');
INSERT INTO `sys_menu` (`menu_id`, `menu_name`, `parent_id`, `order_num`, `path`, `component`, `query`, `is_frame`, `is_cache`, `menu_type`, `visible`, `status`, `perms`, `icon`, `create_by`, `create_time`, `update_by`, `update_time`, `remark`) VALUES (1026, '字典新增', 105, 2, '#', '', '', 1, 0, 'F', '0', '0', 'system:dict:add', '#', 'admin', '2023-04-20 19:54:30', '', NULL, '');
INSERT INTO `sys_menu` (`menu_id`, `menu_name`, `parent_id`, `order_num`, `path`, `component`, `query`, `is_frame`, `is_cache`, `menu_type`, `visible`, `status`, `perms`, `icon`, `create_by`, `create_time`, `update_by`, `update_time`, `remark`) VALUES (1027, '字典修改', 105, 3, '#', '', '', 1, 0, 'F', '0', '0', 'system:dict:edit', '#', 'admin', '2023-04-20 19:54:30', '', NULL, '');
INSERT INTO `sys_menu` (`menu_id`, `menu_name`, `parent_id`, `order_num`, `path`, `component`, `query`, `is_frame`, `is_cache`, `menu_type`, `visible`, `status`, `perms`, `icon`, `create_by`, `create_time`, `update_by`, `update_time`, `remark`) VALUES (1028, '字典删除', 105, 4, '#', '', '', 1, 0, 'F', '0', '0', 'system:dict:remove', '#', 'admin', '2023-04-20 19:54:30', '', NULL, '');
INSERT INTO `sys_menu` (`menu_id`, `menu_name`, `parent_id`, `order_num`, `path`, `component`, `query`, `is_frame`, `is_cache`, `menu_type`, `visible`, `status`, `perms`, `icon`, `create_by`, `create_time`, `update_by`, `update_time`, `remark`) VALUES (1029, '字典导出', 105, 5, '#', '', '', 1, 0, 'F', '0', '0', 'system:dict:export', '#', 'admin', '2023-04-20 19:54:30', '', NULL, '');
INSERT INTO `sys_menu` (`menu_id`, `menu_name`, `parent_id`, `order_num`, `path`, `component`, `query`, `is_frame`, `is_cache`, `menu_type`, `visible`, `status`, `perms`, `icon`, `create_by`, `create_time`, `update_by`, `update_time`, `remark`) VALUES (1030, '参数查询', 106, 1, '#', '', '', 1, 0, 'F', '0', '0', 'system:config:query', '#', 'admin', '2023-04-20 19:54:30', '', NULL, '');
INSERT INTO `sys_menu` (`menu_id`, `menu_name`, `parent_id`, `order_num`, `path`, `component`, `query`, `is_frame`, `is_cache`, `menu_type`, `visible`, `status`, `perms`, `icon`, `create_by`, `create_time`, `update_by`, `update_time`, `remark`) VALUES (1031, '参数新增', 106, 2, '#', '', '', 1, 0, 'F', '0', '0', 'system:config:add', '#', 'admin', '2023-04-20 19:54:30', '', NULL, '');
INSERT INTO `sys_menu` (`menu_id`, `menu_name`, `parent_id`, `order_num`, `path`, `component`, `query`, `is_frame`, `is_cache`, `menu_type`, `visible`, `status`, `perms`, `icon`, `create_by`, `create_time`, `update_by`, `update_time`, `remark`) VALUES (1032, '参数修改', 106, 3, '#', '', '', 1, 0, 'F', '0', '0', 'system:config:edit', '#', 'admin', '2023-04-20 19:54:30', '', NULL, '');
INSERT INTO `sys_menu` (`menu_id`, `menu_name`, `parent_id`, `order_num`, `path`, `component`, `query`, `is_frame`, `is_cache`, `menu_type`, `visible`, `status`, `perms`, `icon`, `create_by`, `create_time`, `update_by`, `update_time`, `remark`) VALUES (1033, '参数删除', 106, 4, '#', '', '', 1, 0, 'F', '0', '0', 'system:config:remove', '#', 'admin', '2023-04-20 19:54:30', '', NULL, '');
INSERT INTO `sys_menu` (`menu_id`, `menu_name`, `parent_id`, `order_num`, `path`, `component`, `query`, `is_frame`, `is_cache`, `menu_type`, `visible`, `status`, `perms`, `icon`, `create_by`, `create_time`, `update_by`, `update_time`, `remark`) VALUES (1034, '参数导出', 106, 5, '#', '', '', 1, 0, 'F', '0', '0', 'system:config:export', '#', 'admin', '2023-04-20 19:54:30', '', NULL, '');
INSERT INTO `sys_menu` (`menu_id`, `menu_name`, `parent_id`, `order_num`, `path`, `component`, `query`, `is_frame`, `is_cache`, `menu_type`, `visible`, `status`, `perms`, `icon`, `create_by`, `create_time`, `update_by`, `update_time`, `remark`) VALUES (1035, '公告查询', 107, 1, '#', '', '', 1, 0, 'F', '0', '0', 'system:notice:query', '#', 'admin', '2023-04-20 19:54:30', '', NULL, '');
INSERT INTO `sys_menu` (`menu_id`, `menu_name`, `parent_id`, `order_num`, `path`, `component`, `query`, `is_frame`, `is_cache`, `menu_type`, `visible`, `status`, `perms`, `icon`, `create_by`, `create_time`, `update_by`, `update_time`, `remark`) VALUES (1036, '公告新增', 107, 2, '#', '', '', 1, 0, 'F', '0', '0', 'system:notice:add', '#', 'admin', '2023-04-20 19:54:30', '', NULL, '');
INSERT INTO `sys_menu` (`menu_id`, `menu_name`, `parent_id`, `order_num`, `path`, `component`, `query`, `is_frame`, `is_cache`, `menu_type`, `visible`, `status`, `perms`, `icon`, `create_by`, `create_time`, `update_by`, `update_time`, `remark`) VALUES (1037, '公告修改', 107, 3, '#', '', '', 1, 0, 'F', '0', '0', 'system:notice:edit', '#', 'admin', '2023-04-20 19:54:30', '', NULL, '');
INSERT INTO `sys_menu` (`menu_id`, `menu_name`, `parent_id`, `order_num`, `path`, `component`, `query`, `is_frame`, `is_cache`, `menu_type`, `visible`, `status`, `perms`, `icon`, `create_by`, `create_time`, `update_by`, `update_time`, `remark`) VALUES (1038, '公告删除', 107, 4, '#', '', '', 1, 0, 'F', '0', '0', 'system:notice:remove', '#', 'admin', '2023-04-20 19:54:30', '', NULL, '');
INSERT INTO `sys_menu` (`menu_id`, `menu_name`, `parent_id`, `order_num`, `path`, `component`, `query`, `is_frame`, `is_cache`, `menu_type`, `visible`, `status`, `perms`, `icon`, `create_by`, `create_time`, `update_by`, `update_time`, `remark`) VALUES (1039, '操作查询', 500, 1, '#', '', '', 1, 0, 'F', '0', '0', 'monitor:operlog:query', '#', 'admin', '2023-04-20 19:54:30', '', NULL, '');
INSERT INTO `sys_menu` (`menu_id`, `menu_name`, `parent_id`, `order_num`, `path`, `component`, `query`, `is_frame`, `is_cache`, `menu_type`, `visible`, `status`, `perms`, `icon`, `create_by`, `create_time`, `update_by`, `update_time`, `remark`) VALUES (1040, '操作删除', 500, 2, '#', '', '', 1, 0, 'F', '0', '0', 'monitor:operlog:remove', '#', 'admin', '2023-04-20 19:54:30', '', NULL, '');
INSERT INTO `sys_menu` (`menu_id`, `menu_name`, `parent_id`, `order_num`, `path`, `component`, `query`, `is_frame`, `is_cache`, `menu_type`, `visible`, `status`, `perms`, `icon`, `create_by`, `create_time`, `update_by`, `update_time`, `remark`) VALUES (1041, '日志导出', 500, 3, '#', '', '', 1, 0, 'F', '0', '0', 'monitor:operlog:export', '#', 'admin', '2023-04-20 19:54:30', '', NULL, '');
INSERT INTO `sys_menu` (`menu_id`, `menu_name`, `parent_id`, `order_num`, `path`, `component`, `query`, `is_frame`, `is_cache`, `menu_type`, `visible`, `status`, `perms`, `icon`, `create_by`, `create_time`, `update_by`, `update_time`, `remark`) VALUES (1042, '登录查询', 501, 1, '#', '', '', 1, 0, 'F', '0', '0', 'monitor:logininfor:query', '#', 'admin', '2023-04-20 19:54:30', '', NULL, '');
INSERT INTO `sys_menu` (`menu_id`, `menu_name`, `parent_id`, `order_num`, `path`, `component`, `query`, `is_frame`, `is_cache`, `menu_type`, `visible`, `status`, `perms`, `icon`, `create_by`, `create_time`, `update_by`, `update_time`, `remark`) VALUES (1043, '登录删除', 501, 2, '#', '', '', 1, 0, 'F', '0', '0', 'monitor:logininfor:remove', '#', 'admin', '2023-04-20 19:54:30', '', NULL, '');
INSERT INTO `sys_menu` (`menu_id`, `menu_name`, `parent_id`, `order_num`, `path`, `component`, `query`, `is_frame`, `is_cache`, `menu_type`, `visible`, `status`, `perms`, `icon`, `create_by`, `create_time`, `update_by`, `update_time`, `remark`) VALUES (1044, '日志导出', 501, 3, '#', '', '', 1, 0, 'F', '0', '0', 'monitor:logininfor:export', '#', 'admin', '2023-04-20 19:54:30', '', NULL, '');
INSERT INTO `sys_menu` (`menu_id`, `menu_name`, `parent_id`, `order_num`, `path`, `component`, `query`, `is_frame`, `is_cache`, `menu_type`, `visible`, `status`, `perms`, `icon`, `create_by`, `create_time`, `update_by`, `update_time`, `remark`) VALUES (1045, '账户解锁', 501, 4, '#', '', '', 1, 0, 'F', '0', '0', 'monitor:logininfor:unlock', '#', 'admin', '2023-04-20 19:54:30', '', NULL, '');
INSERT INTO `sys_menu` (`menu_id`, `menu_name`, `parent_id`, `order_num`, `path`, `component`, `query`, `is_frame`, `is_cache`, `menu_type`, `visible`, `status`, `perms`, `icon`, `create_by`, `create_time`, `update_by`, `update_time`, `remark`) VALUES (1046, '在线查询', 109, 1, '#', '', '', 1, 0, 'F', '0', '0', 'monitor:online:query', '#', 'admin', '2023-04-20 19:54:30', '', NULL, '');
INSERT INTO `sys_menu` (`menu_id`, `menu_name`, `parent_id`, `order_num`, `path`, `component`, `query`, `is_frame`, `is_cache`, `menu_type`, `visible`, `status`, `perms`, `icon`, `create_by`, `create_time`, `update_by`, `update_time`, `remark`) VALUES (1047, '批量强退', 109, 2, '#', '', '', 1, 0, 'F', '0', '0', 'monitor:online:batchLogout', '#', 'admin', '2023-04-20 19:54:30', '', NULL, '');
INSERT INTO `sys_menu` (`menu_id`, `menu_name`, `parent_id`, `order_num`, `path`, `component`, `query`, `is_frame`, `is_cache`, `menu_type`, `visible`, `status`, `perms`, `icon`, `create_by`, `create_time`, `update_by`, `update_time`, `remark`) VALUES (1048, '单条强退', 109, 3, '#', '', '', 1, 0, 'F', '0', '0', 'monitor:online:forceLogout', '#', 'admin', '2023-04-20 19:54:30', '', NULL, '');
INSERT INTO `sys_menu` (`menu_id`, `menu_name`, `parent_id`, `order_num`, `path`, `component`, `query`, `is_frame`, `is_cache`, `menu_type`, `visible`, `status`, `perms`, `icon`, `create_by`, `create_time`, `update_by`, `update_time`, `remark`) VALUES (1049, '任务查询', 110, 1, '#', '', '', 1, 0, 'F', '0', '0', 'monitor:job:query', '#', 'admin', '2023-04-20 19:54:30', '', NULL, '');
INSERT INTO `sys_menu` (`menu_id`, `menu_name`, `parent_id`, `order_num`, `path`, `component`, `query`, `is_frame`, `is_cache`, `menu_type`, `visible`, `status`, `perms`, `icon`, `create_by`, `create_time`, `update_by`, `update_time`, `remark`) VALUES (1050, '任务新增', 110, 2, '#', '', '', 1, 0, 'F', '0', '0', 'monitor:job:add', '#', 'admin', '2023-04-20 19:54:30', '', NULL, '');
INSERT INTO `sys_menu` (`menu_id`, `menu_name`, `parent_id`, `order_num`, `path`, `component`, `query`, `is_frame`, `is_cache`, `menu_type`, `visible`, `status`, `perms`, `icon`, `create_by`, `create_time`, `update_by`, `update_time`, `remark`) VALUES (1051, '任务修改', 110, 3, '#', '', '', 1, 0, 'F', '0', '0', 'monitor:job:edit', '#', 'admin', '2023-04-20 19:54:30', '', NULL, '');
INSERT INTO `sys_menu` (`menu_id`, `menu_name`, `parent_id`, `order_num`, `path`, `component`, `query`, `is_frame`, `is_cache`, `menu_type`, `visible`, `status`, `perms`, `icon`, `create_by`, `create_time`, `update_by`, `update_time`, `remark`) VALUES (1052, '任务删除', 110, 4, '#', '', '', 1, 0, 'F', '0', '0', 'monitor:job:remove', '#', 'admin', '2023-04-20 19:54:30', '', NULL, '');
INSERT INTO `sys_menu` (`menu_id`, `menu_name`, `parent_id`, `order_num`, `path`, `component`, `query`, `is_frame`, `is_cache`, `menu_type`, `visible`, `status`, `perms`, `icon`, `create_by`, `create_time`, `update_by`, `update_time`, `remark`) VALUES (1053, '状态修改', 110, 5, '#', '', '', 1, 0, 'F', '0', '0', 'monitor:job:changeStatus', '#', 'admin', '2023-04-20 19:54:30', '', NULL, '');
INSERT INTO `sys_menu` (`menu_id`, `menu_name`, `parent_id`, `order_num`, `path`, `component`, `query`, `is_frame`, `is_cache`, `menu_type`, `visible`, `status`, `perms`, `icon`, `create_by`, `create_time`, `update_by`, `update_time`, `remark`) VALUES (1054, '任务导出', 110, 6, '#', '', '', 1, 0, 'F', '0', '0', 'monitor:job:export', '#', 'admin', '2023-04-20 19:54:30', '', NULL, '');
INSERT INTO `sys_menu` (`menu_id`, `menu_name`, `parent_id`, `order_num`, `path`, `component`, `query`, `is_frame`, `is_cache`, `menu_type`, `visible`, `status`, `perms`, `icon`, `create_by`, `create_time`, `update_by`, `update_time`, `remark`) VALUES (1055, '生成查询', 116, 1, '#', '', '', 1, 0, 'F', '0', '0', 'tool:gen:query', '#', 'admin', '2023-04-20 19:54:30', '', NULL, '');
INSERT INTO `sys_menu` (`menu_id`, `menu_name`, `parent_id`, `order_num`, `path`, `component`, `query`, `is_frame`, `is_cache`, `menu_type`, `visible`, `status`, `perms`, `icon`, `create_by`, `create_time`, `update_by`, `update_time`, `remark`) VALUES (1056, '生成修改', 116, 2, '#', '', '', 1, 0, 'F', '0', '0', 'tool:gen:edit', '#', 'admin', '2023-04-20 19:54:30', '', NULL, '');
INSERT INTO `sys_menu` (`menu_id`, `menu_name`, `parent_id`, `order_num`, `path`, `component`, `query`, `is_frame`, `is_cache`, `menu_type`, `visible`, `status`, `perms`, `icon`, `create_by`, `create_time`, `update_by`, `update_time`, `remark`) VALUES (1057, '生成删除', 116, 3, '#', '', '', 1, 0, 'F', '0', '0', 'tool:gen:remove', '#', 'admin', '2023-04-20 19:54:30', '', NULL, '');
INSERT INTO `sys_menu` (`menu_id`, `menu_name`, `parent_id`, `order_num`, `path`, `component`, `query`, `is_frame`, `is_cache`, `menu_type`, `visible`, `status`, `perms`, `icon`, `create_by`, `create_time`, `update_by`, `update_time`, `remark`) VALUES (1058, '导入代码', 116, 4, '#', '', '', 1, 0, 'F', '0', '0', 'tool:gen:import', '#', 'admin', '2023-04-20 19:54:30', '', NULL, '');
INSERT INTO `sys_menu` (`menu_id`, `menu_name`, `parent_id`, `order_num`, `path`, `component`, `query`, `is_frame`, `is_cache`, `menu_type`, `visible`, `status`, `perms`, `icon`, `create_by`, `create_time`, `update_by`, `update_time`, `remark`) VALUES (1059, '预览代码', 116, 5, '#', '', '', 1, 0, 'F', '0', '0', 'tool:gen:preview', '#', 'admin', '2023-04-20 19:54:30', '', NULL, '');
INSERT INTO `sys_menu` (`menu_id`, `menu_name`, `parent_id`, `order_num`, `path`, `component`, `query`, `is_frame`, `is_cache`, `menu_type`, `visible`, `status`, `perms`, `icon`, `create_by`, `create_time`, `update_by`, `update_time`, `remark`) VALUES (1060, '生成代码', 116, 6, '#', '', '', 1, 0, 'F', '0', '0', 'tool:gen:code', '#', 'admin', '2023-04-20 19:54:30', '', NULL, '');
INSERT INTO `sys_menu` (`menu_id`, `menu_name`, `parent_id`, `order_num`, `path`, `component`, `query`, `is_frame`, `is_cache`, `menu_type`, `visible`, `status`, `perms`, `icon`, `create_by`, `create_time`, `update_by`, `update_time`, `remark`) VALUES (2056, 'CSRUP管理', 0, 0, 'csrup', NULL, NULL, 1, 0, 'M', '0', '0', NULL, 'component', 'admin', '2023-04-26 20:24:50', '', NULL, '');
INSERT INTO `sys_menu` (`menu_id`, `menu_name`, `parent_id`, `order_num`, `path`, `component`, `query`, `is_frame`, `is_cache`, `menu_type`, `visible`, `status`, `perms`, `icon`, `create_by`, `create_time`, `update_by`, `update_time`, `remark`) VALUES (2057, '公司信息', 2056, 1, 'csurpCompany', 'csrup/csurpCompany/index', NULL, 1, 0, 'C', '0', '0', 'csrup:csurpCompany:list', '#', 'admin', '2023-04-26 22:38:58', '', NULL, '公司信息菜单');
INSERT INTO `sys_menu` (`menu_id`, `menu_name`, `parent_id`, `order_num`, `path`, `component`, `query`, `is_frame`, `is_cache`, `menu_type`, `visible`, `status`, `perms`, `icon`, `create_by`, `create_time`, `update_by`, `update_time`, `remark`) VALUES (2058, '公司信息查询', 2057, 1, '#', '', NULL, 1, 0, 'F', '0', '0', 'csrup:csurpCompany:query', '#', 'admin', '2023-04-26 22:38:58', '', NULL, '');
INSERT INTO `sys_menu` (`menu_id`, `menu_name`, `parent_id`, `order_num`, `path`, `component`, `query`, `is_frame`, `is_cache`, `menu_type`, `visible`, `status`, `perms`, `icon`, `create_by`, `create_time`, `update_by`, `update_time`, `remark`) VALUES (2059, '公司信息新增', 2057, 2, '#', '', NULL, 1, 0, 'F', '0', '0', 'csrup:csurpCompany:add', '#', 'admin', '2023-04-26 22:38:58', '', NULL, '');
INSERT INTO `sys_menu` (`menu_id`, `menu_name`, `parent_id`, `order_num`, `path`, `component`, `query`, `is_frame`, `is_cache`, `menu_type`, `visible`, `status`, `perms`, `icon`, `create_by`, `create_time`, `update_by`, `update_time`, `remark`) VALUES (2060, '公司信息修改', 2057, 3, '#', '', NULL, 1, 0, 'F', '0', '0', 'csrup:csurpCompany:edit', '#', 'admin', '2023-04-26 22:38:58', '', NULL, '');
INSERT INTO `sys_menu` (`menu_id`, `menu_name`, `parent_id`, `order_num`, `path`, `component`, `query`, `is_frame`, `is_cache`, `menu_type`, `visible`, `status`, `perms`, `icon`, `create_by`, `create_time`, `update_by`, `update_time`, `remark`) VALUES (2061, '公司信息删除', 2057, 4, '#', '', NULL, 1, 0, 'F', '0', '0', 'csrup:csurpCompany:remove', '#', 'admin', '2023-04-26 22:38:58', '', NULL, '');
INSERT INTO `sys_menu` (`menu_id`, `menu_name`, `parent_id`, `order_num`, `path`, `component`, `query`, `is_frame`, `is_cache`, `menu_type`, `visible`, `status`, `perms`, `icon`, `create_by`, `create_time`, `update_by`, `update_time`, `remark`) VALUES (2062, '公司信息导出', 2057, 5, '#', '', NULL, 1, 0, 'F', '0', '0', 'csrup:csurpCompany:export', '#', 'admin', '2023-04-26 22:38:58', '', NULL, '');
INSERT INTO `sys_menu` (`menu_id`, `menu_name`, `parent_id`, `order_num`, `path`, `component`, `query`, `is_frame`, `is_cache`, `menu_type`, `visible`, `status`, `perms`, `icon`, `create_by`, `create_time`, `update_by`, `update_time`, `remark`) VALUES (2063, '指标', 2056, 1, 'csurpIndex', 'csrup/csurpIndex/index', NULL, 1, 0, 'C', '1', '1', 'csrup:csurpIndex:list', '#', 'admin', '2023-04-26 22:41:42', 'admin', '2023-04-27 14:56:02', '指标菜单');
INSERT INTO `sys_menu` (`menu_id`, `menu_name`, `parent_id`, `order_num`, `path`, `component`, `query`, `is_frame`, `is_cache`, `menu_type`, `visible`, `status`, `perms`, `icon`, `create_by`, `create_time`, `update_by`, `update_time`, `remark`) VALUES (2064, '指标查询', 2063, 1, '#', '', NULL, 1, 0, 'F', '0', '0', 'csrup:csurpIndex:query', '#', 'admin', '2023-04-26 22:41:42', '', NULL, '');
INSERT INTO `sys_menu` (`menu_id`, `menu_name`, `parent_id`, `order_num`, `path`, `component`, `query`, `is_frame`, `is_cache`, `menu_type`, `visible`, `status`, `perms`, `icon`, `create_by`, `create_time`, `update_by`, `update_time`, `remark`) VALUES (2065, '指标新增', 2063, 2, '#', '', NULL, 1, 0, 'F', '0', '0', 'csrup:csurpIndex:add', '#', 'admin', '2023-04-26 22:41:42', '', NULL, '');
INSERT INTO `sys_menu` (`menu_id`, `menu_name`, `parent_id`, `order_num`, `path`, `component`, `query`, `is_frame`, `is_cache`, `menu_type`, `visible`, `status`, `perms`, `icon`, `create_by`, `create_time`, `update_by`, `update_time`, `remark`) VALUES (2066, '指标修改', 2063, 3, '#', '', NULL, 1, 0, 'F', '0', '0', 'csrup:csurpIndex:edit', '#', 'admin', '2023-04-26 22:41:42', '', NULL, '');
INSERT INTO `sys_menu` (`menu_id`, `menu_name`, `parent_id`, `order_num`, `path`, `component`, `query`, `is_frame`, `is_cache`, `menu_type`, `visible`, `status`, `perms`, `icon`, `create_by`, `create_time`, `update_by`, `update_time`, `remark`) VALUES (2067, '指标删除', 2063, 4, '#', '', NULL, 1, 0, 'F', '0', '0', 'csrup:csurpIndex:remove', '#', 'admin', '2023-04-26 22:41:42', '', NULL, '');
INSERT INTO `sys_menu` (`menu_id`, `menu_name`, `parent_id`, `order_num`, `path`, `component`, `query`, `is_frame`, `is_cache`, `menu_type`, `visible`, `status`, `perms`, `icon`, `create_by`, `create_time`, `update_by`, `update_time`, `remark`) VALUES (2068, '指标导出', 2063, 5, '#', '', NULL, 1, 0, 'F', '0', '0', 'csrup:csurpIndex:export', '#', 'admin', '2023-04-26 22:41:42', '', NULL, '');
COMMIT;

-- ----------------------------
-- Table structure for sys_notice
-- ----------------------------
DROP TABLE IF EXISTS `sys_notice`;
CREATE TABLE `sys_notice` (
  `notice_id` int NOT NULL AUTO_INCREMENT COMMENT '公告ID',
  `notice_title` varchar(50) CHARACTER SET utf8mb4 COLLATE utf8mb4_general_ci NOT NULL COMMENT '公告标题',
  `notice_type` char(1) CHARACTER SET utf8mb4 COLLATE utf8mb4_general_ci NOT NULL COMMENT '公告类型（1通知 2公告）',
  `notice_content` longblob COMMENT '公告内容',
  `status` char(1) CHARACTER SET utf8mb4 COLLATE utf8mb4_general_ci DEFAULT '0' COMMENT '公告状态（0正常 1关闭）',
  `create_by` varchar(64) CHARACTER SET utf8mb4 COLLATE utf8mb4_general_ci DEFAULT '' COMMENT '创建者',
  `create_time` datetime DEFAULT NULL COMMENT '创建时间',
  `update_by` varchar(64) CHARACTER SET utf8mb4 COLLATE utf8mb4_general_ci DEFAULT '' COMMENT '更新者',
  `update_time` datetime DEFAULT NULL COMMENT '更新时间',
  `remark` varchar(255) CHARACTER SET utf8mb4 COLLATE utf8mb4_general_ci DEFAULT NULL COMMENT '备注',
  PRIMARY KEY (`notice_id`) USING BTREE
) ENGINE=InnoDB AUTO_INCREMENT=10 DEFAULT CHARSET=utf8mb4 COLLATE=utf8mb4_general_ci ROW_FORMAT=DYNAMIC COMMENT='通知公告表';

-- ----------------------------
-- Records of sys_notice
-- ----------------------------
BEGIN;
INSERT INTO `sys_notice` (`notice_id`, `notice_title`, `notice_type`, `notice_content`, `status`, `create_by`, `create_time`, `update_by`, `update_time`, `remark`) VALUES (1, '温馨提醒：2018-07-01 若依新版本发布啦', '2', 0xE696B0E78988E69CACE58685E5AEB9, '0', 'admin', '2023-04-20 19:54:30', '', NULL, '管理员');
INSERT INTO `sys_notice` (`notice_id`, `notice_title`, `notice_type`, `notice_content`, `status`, `create_by`, `create_time`, `update_by`, `update_time`, `remark`) VALUES (2, '维护通知：2018-07-01 若依系统凌晨维护', '1', 0xE7BBB4E68AA4E58685E5AEB9, '0', 'admin', '2023-04-20 19:54:30', '', NULL, '管理员');
COMMIT;

-- ----------------------------
-- Table structure for sys_oper_log
-- ----------------------------
DROP TABLE IF EXISTS `sys_oper_log`;
CREATE TABLE `sys_oper_log` (
  `oper_id` bigint NOT NULL AUTO_INCREMENT COMMENT '日志主键',
  `title` varchar(50) CHARACTER SET utf8mb4 COLLATE utf8mb4_general_ci DEFAULT '' COMMENT '模块标题',
  `business_type` int DEFAULT '0' COMMENT '业务类型（0其它 1新增 2修改 3删除）',
  `method` varchar(100) CHARACTER SET utf8mb4 COLLATE utf8mb4_general_ci DEFAULT '' COMMENT '方法名称',
  `request_method` varchar(10) CHARACTER SET utf8mb4 COLLATE utf8mb4_general_ci DEFAULT '' COMMENT '请求方式',
  `operator_type` int DEFAULT '0' COMMENT '操作类别（0其它 1后台用户 2手机端用户）',
  `oper_name` varchar(50) CHARACTER SET utf8mb4 COLLATE utf8mb4_general_ci DEFAULT '' COMMENT '操作人员',
  `dept_name` varchar(50) CHARACTER SET utf8mb4 COLLATE utf8mb4_general_ci DEFAULT '' COMMENT '部门名称',
  `oper_url` varchar(255) CHARACTER SET utf8mb4 COLLATE utf8mb4_general_ci DEFAULT '' COMMENT '请求URL',
  `oper_ip` varchar(128) CHARACTER SET utf8mb4 COLLATE utf8mb4_general_ci DEFAULT '' COMMENT '主机地址',
  `oper_location` varchar(255) CHARACTER SET utf8mb4 COLLATE utf8mb4_general_ci DEFAULT '' COMMENT '操作地点',
  `oper_param` varchar(2000) CHARACTER SET utf8mb4 COLLATE utf8mb4_general_ci DEFAULT '' COMMENT '请求参数',
  `json_result` varchar(2000) CHARACTER SET utf8mb4 COLLATE utf8mb4_general_ci DEFAULT '' COMMENT '返回参数',
  `status` int DEFAULT '0' COMMENT '操作状态（0正常 1异常）',
  `error_msg` varchar(2000) CHARACTER SET utf8mb4 COLLATE utf8mb4_general_ci DEFAULT '' COMMENT '错误消息',
  `oper_time` datetime DEFAULT NULL COMMENT '操作时间',
  `cost_time` bigint DEFAULT '0' COMMENT '消耗时间',
  PRIMARY KEY (`oper_id`) USING BTREE,
  KEY `idx_sys_oper_log_bt` (`business_type`) USING BTREE,
  KEY `idx_sys_oper_log_s` (`status`) USING BTREE,
  KEY `idx_sys_oper_log_ot` (`oper_time`) USING BTREE
) ENGINE=InnoDB AUTO_INCREMENT=243 DEFAULT CHARSET=utf8mb4 COLLATE=utf8mb4_general_ci ROW_FORMAT=DYNAMIC COMMENT='操作日志记录';

-- ----------------------------
-- Records of sys_oper_log
-- ----------------------------
BEGIN;
INSERT INTO `sys_oper_log` (`oper_id`, `title`, `business_type`, `method`, `request_method`, `operator_type`, `oper_name`, `dept_name`, `oper_url`, `oper_ip`, `oper_location`, `oper_param`, `json_result`, `status`, `error_msg`, `oper_time`, `cost_time`) VALUES (100, '角色管理', 2, 'com.ruoyi.web.controller.system.SysRoleController.edit()', 'PUT', 1, 'admin', NULL, '/system/role', '127.0.0.1', '内网IP', '{\"admin\":false,\"createTime\":\"2023-04-20 19:54:30\",\"dataScope\":\"2\",\"delFlag\":\"0\",\"deptCheckStrictly\":true,\"flag\":false,\"menuCheckStrictly\":true,\"menuIds\":[],\"params\":{},\"remark\":\"普通角色\",\"roleId\":2,\"roleKey\":\"common\",\"roleName\":\"普通角色\",\"roleSort\":2,\"status\":\"0\",\"updateBy\":\"admin\"}', '{\"msg\":\"操作成功\",\"code\":200}', 0, NULL, '2023-04-20 22:34:21', 144);
INSERT INTO `sys_oper_log` (`oper_id`, `title`, `business_type`, `method`, `request_method`, `operator_type`, `oper_name`, `dept_name`, `oper_url`, `oper_ip`, `oper_location`, `oper_param`, `json_result`, `status`, `error_msg`, `oper_time`, `cost_time`) VALUES (101, '角色管理', 3, 'com.ruoyi.web.controller.system.SysRoleController.remove()', 'DELETE', 1, 'admin', NULL, '/system/role/2', '127.0.0.1', '内网IP', '{}', NULL, 1, '普通角色已分配,不能删除', '2023-04-20 22:34:24', 21);
INSERT INTO `sys_oper_log` (`oper_id`, `title`, `business_type`, `method`, `request_method`, `operator_type`, `oper_name`, `dept_name`, `oper_url`, `oper_ip`, `oper_location`, `oper_param`, `json_result`, `status`, `error_msg`, `oper_time`, `cost_time`) VALUES (102, '角色管理', 3, 'com.ruoyi.web.controller.system.SysRoleController.remove()', 'DELETE', 1, 'admin', NULL, '/system/role/2', '127.0.0.1', '内网IP', '{}', NULL, 1, '普通角色已分配,不能删除', '2023-04-20 22:35:17', 34);
INSERT INTO `sys_oper_log` (`oper_id`, `title`, `business_type`, `method`, `request_method`, `operator_type`, `oper_name`, `dept_name`, `oper_url`, `oper_ip`, `oper_location`, `oper_param`, `json_result`, `status`, `error_msg`, `oper_time`, `cost_time`) VALUES (103, '角色管理', 2, 'com.ruoyi.web.controller.system.SysRoleController.changeStatus()', 'PUT', 1, 'admin', NULL, '/system/role/changeStatus', '127.0.0.1', '内网IP', '{\"admin\":false,\"deptCheckStrictly\":false,\"flag\":false,\"menuCheckStrictly\":false,\"params\":{},\"roleId\":2,\"status\":\"1\",\"updateBy\":\"admin\"}', '{\"msg\":\"操作成功\",\"code\":200}', 0, NULL, '2023-04-20 22:35:21', 27);
INSERT INTO `sys_oper_log` (`oper_id`, `title`, `business_type`, `method`, `request_method`, `operator_type`, `oper_name`, `dept_name`, `oper_url`, `oper_ip`, `oper_location`, `oper_param`, `json_result`, `status`, `error_msg`, `oper_time`, `cost_time`) VALUES (104, '角色管理', 3, 'com.ruoyi.web.controller.system.SysRoleController.remove()', 'DELETE', 1, 'admin', NULL, '/system/role/2', '127.0.0.1', '内网IP', '{}', NULL, 1, '普通角色已分配,不能删除', '2023-04-20 22:35:23', 62);
INSERT INTO `sys_oper_log` (`oper_id`, `title`, `business_type`, `method`, `request_method`, `operator_type`, `oper_name`, `dept_name`, `oper_url`, `oper_ip`, `oper_location`, `oper_param`, `json_result`, `status`, `error_msg`, `oper_time`, `cost_time`) VALUES (105, '角色管理', 2, 'com.ruoyi.web.controller.system.SysRoleController.dataScope()', 'PUT', 1, 'admin', NULL, '/system/role/dataScope', '127.0.0.1', '内网IP', '{\"admin\":false,\"createTime\":\"2023-04-20 19:54:30\",\"dataScope\":\"2\",\"delFlag\":\"0\",\"deptCheckStrictly\":false,\"deptIds\":[],\"flag\":false,\"menuCheckStrictly\":false,\"params\":{},\"remark\":\"普通角色\",\"roleId\":2,\"roleKey\":\"common\",\"roleName\":\"普通角色\",\"roleSort\":2,\"status\":\"1\"}', '{\"msg\":\"操作成功\",\"code\":200}', 0, NULL, '2023-04-20 22:35:28', 20);
INSERT INTO `sys_oper_log` (`oper_id`, `title`, `business_type`, `method`, `request_method`, `operator_type`, `oper_name`, `dept_name`, `oper_url`, `oper_ip`, `oper_location`, `oper_param`, `json_result`, `status`, `error_msg`, `oper_time`, `cost_time`) VALUES (106, '角色管理', 3, 'com.ruoyi.web.controller.system.SysRoleController.remove()', 'DELETE', 1, 'admin', NULL, '/system/role/2', '127.0.0.1', '内网IP', '{}', NULL, 1, '普通角色已分配,不能删除', '2023-04-20 22:35:35', 22);
INSERT INTO `sys_oper_log` (`oper_id`, `title`, `business_type`, `method`, `request_method`, `operator_type`, `oper_name`, `dept_name`, `oper_url`, `oper_ip`, `oper_location`, `oper_param`, `json_result`, `status`, `error_msg`, `oper_time`, `cost_time`) VALUES (107, '菜单管理', 3, 'com.ruoyi.web.controller.system.SysMenuController.remove()', 'DELETE', 1, 'admin', NULL, '/system/menu/4', '127.0.0.1', '内网IP', '{}', '{\"msg\":\"操作成功\",\"code\":200}', 0, NULL, '2023-04-20 22:36:29', 29);
INSERT INTO `sys_oper_log` (`oper_id`, `title`, `business_type`, `method`, `request_method`, `operator_type`, `oper_name`, `dept_name`, `oper_url`, `oper_ip`, `oper_location`, `oper_param`, `json_result`, `status`, `error_msg`, `oper_time`, `cost_time`) VALUES (108, '菜单管理', 2, 'com.ruoyi.web.controller.system.SysMenuController.edit()', 'PUT', 1, 'admin', NULL, '/system/menu', '127.0.0.1', '内网IP', '{\"children\":[],\"createTime\":\"2023-04-20 19:54:30\",\"icon\":\"monitor\",\"isCache\":\"0\",\"isFrame\":\"1\",\"menuId\":2,\"menuName\":\"系统监控\",\"menuType\":\"M\",\"orderNum\":2,\"params\":{},\"parentId\":0,\"path\":\"monitor\",\"perms\":\"\",\"query\":\"\",\"status\":\"1\",\"updateBy\":\"admin\",\"visible\":\"0\"}', '{\"msg\":\"操作成功\",\"code\":200}', 0, NULL, '2023-04-20 22:36:37', 56);
INSERT INTO `sys_oper_log` (`oper_id`, `title`, `business_type`, `method`, `request_method`, `operator_type`, `oper_name`, `dept_name`, `oper_url`, `oper_ip`, `oper_location`, `oper_param`, `json_result`, `status`, `error_msg`, `oper_time`, `cost_time`) VALUES (109, '菜单管理', 2, 'com.ruoyi.web.controller.system.SysMenuController.edit()', 'PUT', 1, 'admin', NULL, '/system/menu', '127.0.0.1', '内网IP', '{\"children\":[],\"component\":\"system/dept/index\",\"createTime\":\"2023-04-20 19:54:30\",\"icon\":\"tree\",\"isCache\":\"0\",\"isFrame\":\"1\",\"menuId\":103,\"menuName\":\"部门管理\",\"menuType\":\"C\",\"orderNum\":4,\"params\":{},\"parentId\":1,\"path\":\"dept\",\"perms\":\"system:dept:list\",\"query\":\"\",\"status\":\"1\",\"updateBy\":\"admin\",\"visible\":\"0\"}', '{\"msg\":\"操作成功\",\"code\":200}', 0, NULL, '2023-04-20 22:36:46', 18);
INSERT INTO `sys_oper_log` (`oper_id`, `title`, `business_type`, `method`, `request_method`, `operator_type`, `oper_name`, `dept_name`, `oper_url`, `oper_ip`, `oper_location`, `oper_param`, `json_result`, `status`, `error_msg`, `oper_time`, `cost_time`) VALUES (110, '菜单管理', 2, 'com.ruoyi.web.controller.system.SysMenuController.edit()', 'PUT', 1, 'admin', NULL, '/system/menu', '127.0.0.1', '内网IP', '{\"children\":[],\"component\":\"system/post/index\",\"createTime\":\"2023-04-20 19:54:30\",\"icon\":\"post\",\"isCache\":\"0\",\"isFrame\":\"1\",\"menuId\":104,\"menuName\":\"岗位管理\",\"menuType\":\"C\",\"orderNum\":5,\"params\":{},\"parentId\":1,\"path\":\"post\",\"perms\":\"system:post:list\",\"query\":\"\",\"status\":\"1\",\"updateBy\":\"admin\",\"visible\":\"0\"}', '{\"msg\":\"操作成功\",\"code\":200}', 0, NULL, '2023-04-20 22:36:50', 25);
INSERT INTO `sys_oper_log` (`oper_id`, `title`, `business_type`, `method`, `request_method`, `operator_type`, `oper_name`, `dept_name`, `oper_url`, `oper_ip`, `oper_location`, `oper_param`, `json_result`, `status`, `error_msg`, `oper_time`, `cost_time`) VALUES (111, '菜单管理', 2, 'com.ruoyi.web.controller.system.SysMenuController.edit()', 'PUT', 1, 'admin', NULL, '/system/menu', '127.0.0.1', '内网IP', '{\"children\":[],\"component\":\"system/config/index\",\"createTime\":\"2023-04-20 19:54:30\",\"icon\":\"edit\",\"isCache\":\"0\",\"isFrame\":\"1\",\"menuId\":106,\"menuName\":\"参数设置\",\"menuType\":\"C\",\"orderNum\":7,\"params\":{},\"parentId\":1,\"path\":\"config\",\"perms\":\"system:config:list\",\"query\":\"\",\"status\":\"1\",\"updateBy\":\"admin\",\"visible\":\"0\"}', '{\"msg\":\"操作成功\",\"code\":200}', 0, NULL, '2023-04-20 22:36:55', 18);
INSERT INTO `sys_oper_log` (`oper_id`, `title`, `business_type`, `method`, `request_method`, `operator_type`, `oper_name`, `dept_name`, `oper_url`, `oper_ip`, `oper_location`, `oper_param`, `json_result`, `status`, `error_msg`, `oper_time`, `cost_time`) VALUES (112, '菜单管理', 2, 'com.ruoyi.web.controller.system.SysMenuController.edit()', 'PUT', 1, 'admin', NULL, '/system/menu', '127.0.0.1', '内网IP', '{\"children\":[],\"component\":\"system/dict/index\",\"createTime\":\"2023-04-20 19:54:30\",\"icon\":\"dict\",\"isCache\":\"0\",\"isFrame\":\"1\",\"menuId\":105,\"menuName\":\"字典管理\",\"menuType\":\"C\",\"orderNum\":6,\"params\":{},\"parentId\":1,\"path\":\"dict\",\"perms\":\"system:dict:list\",\"query\":\"\",\"status\":\"1\",\"updateBy\":\"admin\",\"visible\":\"0\"}', '{\"msg\":\"操作成功\",\"code\":200}', 0, NULL, '2023-04-20 22:36:58', 24);
INSERT INTO `sys_oper_log` (`oper_id`, `title`, `business_type`, `method`, `request_method`, `operator_type`, `oper_name`, `dept_name`, `oper_url`, `oper_ip`, `oper_location`, `oper_param`, `json_result`, `status`, `error_msg`, `oper_time`, `cost_time`) VALUES (113, '菜单管理', 2, 'com.ruoyi.web.controller.system.SysMenuController.edit()', 'PUT', 1, 'admin', NULL, '/system/menu', '127.0.0.1', '内网IP', '{\"children\":[],\"component\":\"system/notice/index\",\"createTime\":\"2023-04-20 19:54:30\",\"icon\":\"message\",\"isCache\":\"0\",\"isFrame\":\"1\",\"menuId\":107,\"menuName\":\"通知公告\",\"menuType\":\"C\",\"orderNum\":8,\"params\":{},\"parentId\":1,\"path\":\"notice\",\"perms\":\"system:notice:list\",\"query\":\"\",\"status\":\"1\",\"updateBy\":\"admin\",\"visible\":\"0\"}', '{\"msg\":\"操作成功\",\"code\":200}', 0, NULL, '2023-04-20 22:37:02', 27);
INSERT INTO `sys_oper_log` (`oper_id`, `title`, `business_type`, `method`, `request_method`, `operator_type`, `oper_name`, `dept_name`, `oper_url`, `oper_ip`, `oper_location`, `oper_param`, `json_result`, `status`, `error_msg`, `oper_time`, `cost_time`) VALUES (114, '菜单管理', 2, 'com.ruoyi.web.controller.system.SysMenuController.edit()', 'PUT', 1, 'admin', NULL, '/system/menu', '127.0.0.1', '内网IP', '{\"children\":[],\"component\":\"\",\"createTime\":\"2023-04-20 19:54:30\",\"icon\":\"log\",\"isCache\":\"0\",\"isFrame\":\"1\",\"menuId\":108,\"menuName\":\"日志管理\",\"menuType\":\"M\",\"orderNum\":9,\"params\":{},\"parentId\":1,\"path\":\"log\",\"perms\":\"\",\"query\":\"\",\"status\":\"1\",\"updateBy\":\"admin\",\"visible\":\"0\"}', '{\"msg\":\"操作成功\",\"code\":200}', 0, NULL, '2023-04-20 22:37:06', 32);
INSERT INTO `sys_oper_log` (`oper_id`, `title`, `business_type`, `method`, `request_method`, `operator_type`, `oper_name`, `dept_name`, `oper_url`, `oper_ip`, `oper_location`, `oper_param`, `json_result`, `status`, `error_msg`, `oper_time`, `cost_time`) VALUES (115, '代码生成', 6, 'com.ruoyi.generator.controller.GenController.importTableSave()', 'POST', 1, 'admin', NULL, '/tool/gen/importTable', '127.0.0.1', '内网IP', '{\"tables\":\"pc_gps,pc_check_user,pc_check\"}', '{\"msg\":\"操作成功\",\"code\":200}', 0, NULL, '2023-04-20 22:37:22', 341);
INSERT INTO `sys_oper_log` (`oper_id`, `title`, `business_type`, `method`, `request_method`, `operator_type`, `oper_name`, `dept_name`, `oper_url`, `oper_ip`, `oper_location`, `oper_param`, `json_result`, `status`, `error_msg`, `oper_time`, `cost_time`) VALUES (116, '代码生成', 2, 'com.ruoyi.generator.controller.GenController.editSave()', 'PUT', 1, 'admin', NULL, '/tool/gen', '127.0.0.1', '内网IP', '{\"businessName\":\"PcCheck\",\"className\":\"PcCheck\",\"columns\":[{\"capJavaField\":\"Id\",\"columnComment\":\"ID\",\"columnId\":1,\"columnName\":\"id\",\"columnType\":\"bigint\",\"createBy\":\"admin\",\"createTime\":\"2023-04-20 22:37:22\",\"dictType\":\"\",\"edit\":false,\"htmlType\":\"input\",\"increment\":true,\"insert\":true,\"isIncrement\":\"1\",\"isInsert\":\"1\",\"isPk\":\"1\",\"javaField\":\"id\",\"javaType\":\"Long\",\"list\":false,\"params\":{},\"pk\":true,\"query\":false,\"queryType\":\"EQ\",\"required\":false,\"sort\":1,\"superColumn\":false,\"tableId\":1,\"updateBy\":\"\",\"usableColumn\":false},{\"capJavaField\":\"Name\",\"columnComment\":\"名称\",\"columnId\":2,\"columnName\":\"name\",\"columnType\":\"varchar(64)\",\"createBy\":\"admin\",\"createTime\":\"2023-04-20 22:37:22\",\"dictType\":\"\",\"edit\":true,\"htmlType\":\"input\",\"increment\":false,\"insert\":true,\"isEdit\":\"1\",\"isIncrement\":\"0\",\"isInsert\":\"1\",\"isList\":\"1\",\"isPk\":\"0\",\"isQuery\":\"1\",\"isRequired\":\"1\",\"javaField\":\"name\",\"javaType\":\"String\",\"list\":true,\"params\":{},\"pk\":false,\"query\":true,\"queryType\":\"LIKE\",\"required\":true,\"sort\":2,\"superColumn\":false,\"tableId\":1,\"updateBy\":\"\",\"usableColumn\":false},{\"capJavaField\":\"Content\",\"columnComment\":\"内容\",\"columnId\":3,\"columnName\":\"content\",\"columnType\":\"varchar(50)\",\"createBy\":\"admin\",\"createTime\":\"2023-04-20 22:37:22\",\"dictType\":\"\",\"edit\":true,\"htmlType\":\"textarea\",\"increment\":false,\"insert\":true,\"isEdit\":\"1\",\"isIncrement\":\"0\",\"isInsert\":\"1\",\"isList\":\"1\",\"isPk\":\"0\",\"isQuery\":\"0\",\"isRequired\":\"1\",\"javaField\":\"content\",\"javaType\":\"String\",\"list\":true,\"params\":{},\"pk\":false,\"query\":false,\"queryType\":\"EQ\",\"required\":true,\"sort\":3,\"superColumn\":false,\"tableId\":1,\"updateBy\":\"\",\"usableColumn\":false},{\"capJavaField\":\"Image\",\"columnComment\":\"封面\",\"columnId\":4,\"columnName\":\"image\",\"columnType\":\"varchar(50)\",\"createBy\":\"admin\",\"createTime\":\"2023-04-20 22:37:22\",\"dictType\":\"\",\"edit\":true,\"htmlType\":\"imageUpload\",\"increment\":false,\"insert\":true,\"isEdit\":\"1\",\"isIncrement\":\"0\",\"isInsert\":\"1\",\"isList\":\"1\",\"isPk\":\"0\",\"isQuery\":\"0\",\"isRequired\":\"1\",\"javaField\":\"image\",\"javaType\":\"String\",\"list\":true', '{\"msg\":\"操作成功\",\"code\":200}', 0, NULL, '2023-04-20 22:46:04', 261);
INSERT INTO `sys_oper_log` (`oper_id`, `title`, `business_type`, `method`, `request_method`, `operator_type`, `oper_name`, `dept_name`, `oper_url`, `oper_ip`, `oper_location`, `oper_param`, `json_result`, `status`, `error_msg`, `oper_time`, `cost_time`) VALUES (117, '菜单管理', 1, 'com.ruoyi.web.controller.system.SysMenuController.add()', 'POST', 1, 'admin', NULL, '/system/menu', '127.0.0.1', '内网IP', '{\"children\":[],\"createBy\":\"admin\",\"icon\":\"phone\",\"isCache\":\"0\",\"isFrame\":\"1\",\"menuName\":\"GPS管理\",\"menuType\":\"M\",\"orderNum\":0,\"params\":{},\"parentId\":0,\"path\":\"gps\",\"status\":\"0\",\"visible\":\"0\"}', '{\"msg\":\"操作成功\",\"code\":200}', 0, NULL, '2023-04-20 22:47:00', 66);
INSERT INTO `sys_oper_log` (`oper_id`, `title`, `business_type`, `method`, `request_method`, `operator_type`, `oper_name`, `dept_name`, `oper_url`, `oper_ip`, `oper_location`, `oper_param`, `json_result`, `status`, `error_msg`, `oper_time`, `cost_time`) VALUES (118, '代码生成', 2, 'com.ruoyi.generator.controller.GenController.editSave()', 'PUT', 1, 'admin', NULL, '/tool/gen', '127.0.0.1', '内网IP', '{\"businessName\":\"PcCheck\",\"className\":\"PcCheck\",\"columns\":[{\"capJavaField\":\"Id\",\"columnComment\":\"ID\",\"columnId\":1,\"columnName\":\"id\",\"columnType\":\"bigint\",\"createBy\":\"admin\",\"createTime\":\"2023-04-20 22:37:22\",\"dictType\":\"\",\"edit\":false,\"htmlType\":\"input\",\"increment\":true,\"insert\":true,\"isIncrement\":\"1\",\"isInsert\":\"1\",\"isPk\":\"1\",\"javaField\":\"id\",\"javaType\":\"Long\",\"list\":false,\"params\":{},\"pk\":true,\"query\":false,\"queryType\":\"EQ\",\"required\":false,\"sort\":1,\"superColumn\":false,\"tableId\":1,\"updateBy\":\"\",\"updateTime\":\"2023-04-20 22:46:04\",\"usableColumn\":false},{\"capJavaField\":\"Name\",\"columnComment\":\"名称\",\"columnId\":2,\"columnName\":\"name\",\"columnType\":\"varchar(64)\",\"createBy\":\"admin\",\"createTime\":\"2023-04-20 22:37:22\",\"dictType\":\"\",\"edit\":true,\"htmlType\":\"input\",\"increment\":false,\"insert\":true,\"isEdit\":\"1\",\"isIncrement\":\"0\",\"isInsert\":\"1\",\"isList\":\"1\",\"isPk\":\"0\",\"isQuery\":\"1\",\"isRequired\":\"1\",\"javaField\":\"name\",\"javaType\":\"String\",\"list\":true,\"params\":{},\"pk\":false,\"query\":true,\"queryType\":\"LIKE\",\"required\":true,\"sort\":2,\"superColumn\":false,\"tableId\":1,\"updateBy\":\"\",\"updateTime\":\"2023-04-20 22:46:04\",\"usableColumn\":false},{\"capJavaField\":\"Content\",\"columnComment\":\"内容\",\"columnId\":3,\"columnName\":\"content\",\"columnType\":\"varchar(50)\",\"createBy\":\"admin\",\"createTime\":\"2023-04-20 22:37:22\",\"dictType\":\"\",\"edit\":true,\"htmlType\":\"textarea\",\"increment\":false,\"insert\":true,\"isEdit\":\"1\",\"isIncrement\":\"0\",\"isInsert\":\"1\",\"isList\":\"1\",\"isPk\":\"0\",\"isQuery\":\"0\",\"isRequired\":\"1\",\"javaField\":\"content\",\"javaType\":\"String\",\"list\":true,\"params\":{},\"pk\":false,\"query\":false,\"queryType\":\"EQ\",\"required\":true,\"sort\":3,\"superColumn\":false,\"tableId\":1,\"updateBy\":\"\",\"updateTime\":\"2023-04-20 22:46:04\",\"usableColumn\":false},{\"capJavaField\":\"Image\",\"columnComment\":\"封面\",\"columnId\":4,\"columnName\":\"image\",\"columnType\":\"varchar(50)\",\"createBy\":\"admin\",\"createTime\":\"2023-04-20 22:37:22\",\"dictType\":\"\",\"edit\":true,\"htmlType\":\"imageUpload\",\"increment\":false,\"insert\":true,\"isEdit\":\"1\",\"isIncrement\":\"0\",\"isInsert\":\"1\",\"', '{\"msg\":\"操作成功\",\"code\":200}', 0, NULL, '2023-04-20 22:47:23', 69);
INSERT INTO `sys_oper_log` (`oper_id`, `title`, `business_type`, `method`, `request_method`, `operator_type`, `oper_name`, `dept_name`, `oper_url`, `oper_ip`, `oper_location`, `oper_param`, `json_result`, `status`, `error_msg`, `oper_time`, `cost_time`) VALUES (119, '代码生成', 8, 'com.ruoyi.generator.controller.GenController.batchGenCode()', 'GET', 1, 'admin', NULL, '/tool/gen/batchGenCode', '127.0.0.1', '内网IP', '{\"tables\":\"pc_check\"}', NULL, 0, NULL, '2023-04-20 22:47:26', 610);
INSERT INTO `sys_oper_log` (`oper_id`, `title`, `business_type`, `method`, `request_method`, `operator_type`, `oper_name`, `dept_name`, `oper_url`, `oper_ip`, `oper_location`, `oper_param`, `json_result`, `status`, `error_msg`, `oper_time`, `cost_time`) VALUES (120, '代码生成', 2, 'com.ruoyi.generator.controller.GenController.editSave()', 'PUT', 1, 'admin', NULL, '/tool/gen', '127.0.0.1', '内网IP', '{\"businessName\":\"pcCheckUser\",\"className\":\"PcCheckUser\",\"columns\":[{\"capJavaField\":\"Id\",\"columnComment\":\"ID\",\"columnId\":13,\"columnName\":\"id\",\"columnType\":\"bigint\",\"createBy\":\"admin\",\"createTime\":\"2023-04-20 22:37:22\",\"dictType\":\"\",\"edit\":false,\"htmlType\":\"input\",\"increment\":true,\"insert\":true,\"isIncrement\":\"1\",\"isInsert\":\"1\",\"isPk\":\"1\",\"javaField\":\"id\",\"javaType\":\"Long\",\"list\":false,\"params\":{},\"pk\":true,\"query\":false,\"queryType\":\"EQ\",\"required\":false,\"sort\":1,\"superColumn\":false,\"tableId\":2,\"updateBy\":\"\",\"usableColumn\":false},{\"capJavaField\":\"CheckId\",\"columnComment\":\"签到ID\",\"columnId\":14,\"columnName\":\"check_id\",\"columnType\":\"bigint\",\"createBy\":\"admin\",\"createTime\":\"2023-04-20 22:37:22\",\"dictType\":\"\",\"edit\":true,\"htmlType\":\"input\",\"increment\":false,\"insert\":true,\"isEdit\":\"1\",\"isIncrement\":\"0\",\"isInsert\":\"1\",\"isList\":\"1\",\"isPk\":\"0\",\"isQuery\":\"0\",\"isRequired\":\"1\",\"javaField\":\"checkId\",\"javaType\":\"Long\",\"list\":true,\"params\":{},\"pk\":false,\"query\":false,\"queryType\":\"EQ\",\"required\":true,\"sort\":2,\"superColumn\":false,\"tableId\":2,\"updateBy\":\"\",\"usableColumn\":false},{\"capJavaField\":\"UserId\",\"columnComment\":\"用户ID\",\"columnId\":15,\"columnName\":\"user_id\",\"columnType\":\"bigint\",\"createBy\":\"admin\",\"createTime\":\"2023-04-20 22:37:22\",\"dictType\":\"\",\"edit\":true,\"htmlType\":\"input\",\"increment\":false,\"insert\":true,\"isEdit\":\"1\",\"isIncrement\":\"0\",\"isInsert\":\"1\",\"isList\":\"1\",\"isPk\":\"0\",\"isQuery\":\"0\",\"isRequired\":\"1\",\"javaField\":\"userId\",\"javaType\":\"Long\",\"list\":true,\"params\":{},\"pk\":false,\"query\":false,\"queryType\":\"EQ\",\"required\":true,\"sort\":3,\"superColumn\":false,\"tableId\":2,\"updateBy\":\"\",\"usableColumn\":false},{\"capJavaField\":\"Status\",\"columnComment\":\"是否签到（0未签到\",\"columnId\":16,\"columnName\":\"status\",\"columnType\":\"char(1)\",\"createBy\":\"admin\",\"createTime\":\"2023-04-20 22:37:22\",\"dictType\":\"\",\"edit\":true,\"htmlType\":\"radio\",\"increment\":false,\"insert\":true,\"isEdit\":\"1\",\"isIncrement\":\"0\",\"isInsert\":\"1\",\"isList\":\"1\",\"isPk\":\"0\",\"isQuery\":\"0\",\"isRequired\":\"1\",\"javaField\":\"status\",\"javaType\":\"String\",\"list', '{\"msg\":\"操作成功\",\"code\":200}', 0, NULL, '2023-04-20 22:47:58', 89);
INSERT INTO `sys_oper_log` (`oper_id`, `title`, `business_type`, `method`, `request_method`, `operator_type`, `oper_name`, `dept_name`, `oper_url`, `oper_ip`, `oper_location`, `oper_param`, `json_result`, `status`, `error_msg`, `oper_time`, `cost_time`) VALUES (121, '代码生成', 2, 'com.ruoyi.generator.controller.GenController.editSave()', 'PUT', 1, 'admin', NULL, '/tool/gen', '127.0.0.1', '内网IP', '{\"businessName\":\"pcCheck\",\"className\":\"PcCheck\",\"columns\":[{\"capJavaField\":\"Id\",\"columnComment\":\"ID\",\"columnId\":1,\"columnName\":\"id\",\"columnType\":\"bigint\",\"createBy\":\"admin\",\"createTime\":\"2023-04-20 22:37:22\",\"dictType\":\"\",\"edit\":false,\"htmlType\":\"input\",\"increment\":true,\"insert\":true,\"isIncrement\":\"1\",\"isInsert\":\"1\",\"isPk\":\"1\",\"javaField\":\"id\",\"javaType\":\"Long\",\"list\":false,\"params\":{},\"pk\":true,\"query\":false,\"queryType\":\"EQ\",\"required\":false,\"sort\":1,\"superColumn\":false,\"tableId\":1,\"updateBy\":\"\",\"updateTime\":\"2023-04-20 22:47:23\",\"usableColumn\":false},{\"capJavaField\":\"Name\",\"columnComment\":\"名称\",\"columnId\":2,\"columnName\":\"name\",\"columnType\":\"varchar(64)\",\"createBy\":\"admin\",\"createTime\":\"2023-04-20 22:37:22\",\"dictType\":\"\",\"edit\":true,\"htmlType\":\"input\",\"increment\":false,\"insert\":true,\"isEdit\":\"1\",\"isIncrement\":\"0\",\"isInsert\":\"1\",\"isList\":\"1\",\"isPk\":\"0\",\"isQuery\":\"1\",\"isRequired\":\"1\",\"javaField\":\"name\",\"javaType\":\"String\",\"list\":true,\"params\":{},\"pk\":false,\"query\":true,\"queryType\":\"LIKE\",\"required\":true,\"sort\":2,\"superColumn\":false,\"tableId\":1,\"updateBy\":\"\",\"updateTime\":\"2023-04-20 22:47:23\",\"usableColumn\":false},{\"capJavaField\":\"Content\",\"columnComment\":\"内容\",\"columnId\":3,\"columnName\":\"content\",\"columnType\":\"varchar(50)\",\"createBy\":\"admin\",\"createTime\":\"2023-04-20 22:37:22\",\"dictType\":\"\",\"edit\":true,\"htmlType\":\"textarea\",\"increment\":false,\"insert\":true,\"isEdit\":\"1\",\"isIncrement\":\"0\",\"isInsert\":\"1\",\"isList\":\"1\",\"isPk\":\"0\",\"isQuery\":\"0\",\"isRequired\":\"1\",\"javaField\":\"content\",\"javaType\":\"String\",\"list\":true,\"params\":{},\"pk\":false,\"query\":false,\"queryType\":\"EQ\",\"required\":true,\"sort\":3,\"superColumn\":false,\"tableId\":1,\"updateBy\":\"\",\"updateTime\":\"2023-04-20 22:47:23\",\"usableColumn\":false},{\"capJavaField\":\"Image\",\"columnComment\":\"封面\",\"columnId\":4,\"columnName\":\"image\",\"columnType\":\"varchar(50)\",\"createBy\":\"admin\",\"createTime\":\"2023-04-20 22:37:22\",\"dictType\":\"\",\"edit\":true,\"htmlType\":\"imageUpload\",\"increment\":false,\"insert\":true,\"isEdit\":\"1\",\"isIncrement\":\"0\",\"isInsert\":\"1\",\"', '{\"msg\":\"操作成功\",\"code\":200}', 0, NULL, '2023-04-20 22:48:06', 60);
INSERT INTO `sys_oper_log` (`oper_id`, `title`, `business_type`, `method`, `request_method`, `operator_type`, `oper_name`, `dept_name`, `oper_url`, `oper_ip`, `oper_location`, `oper_param`, `json_result`, `status`, `error_msg`, `oper_time`, `cost_time`) VALUES (122, '代码生成', 2, 'com.ruoyi.generator.controller.GenController.editSave()', 'PUT', 1, 'admin', NULL, '/tool/gen', '127.0.0.1', '内网IP', '{\"businessName\":\"pcGps\",\"className\":\"PcGps\",\"columns\":[{\"capJavaField\":\"Id\",\"columnComment\":\"ID\",\"columnId\":23,\"columnName\":\"id\",\"columnType\":\"bigint\",\"createBy\":\"admin\",\"createTime\":\"2023-04-20 22:37:22\",\"dictType\":\"\",\"edit\":false,\"htmlType\":\"input\",\"increment\":true,\"insert\":true,\"isIncrement\":\"1\",\"isInsert\":\"1\",\"isPk\":\"1\",\"javaField\":\"id\",\"javaType\":\"Long\",\"list\":false,\"params\":{},\"pk\":true,\"query\":false,\"queryType\":\"EQ\",\"required\":false,\"sort\":1,\"superColumn\":false,\"tableId\":3,\"updateBy\":\"\",\"usableColumn\":false},{\"capJavaField\":\"UserId\",\"columnComment\":\"用户ID\",\"columnId\":24,\"columnName\":\"user_id\",\"columnType\":\"bigint\",\"createBy\":\"admin\",\"createTime\":\"2023-04-20 22:37:22\",\"dictType\":\"\",\"edit\":true,\"htmlType\":\"input\",\"increment\":false,\"insert\":true,\"isEdit\":\"1\",\"isIncrement\":\"0\",\"isInsert\":\"1\",\"isList\":\"1\",\"isPk\":\"0\",\"isQuery\":\"0\",\"isRequired\":\"1\",\"javaField\":\"userId\",\"javaType\":\"Long\",\"list\":true,\"params\":{},\"pk\":false,\"query\":false,\"queryType\":\"EQ\",\"required\":true,\"sort\":2,\"superColumn\":false,\"tableId\":3,\"updateBy\":\"\",\"usableColumn\":false},{\"capJavaField\":\"Location\",\"columnComment\":\"位置\",\"columnId\":25,\"columnName\":\"location\",\"columnType\":\"varchar(50)\",\"createBy\":\"admin\",\"createTime\":\"2023-04-20 22:37:22\",\"dictType\":\"\",\"edit\":true,\"htmlType\":\"input\",\"increment\":false,\"insert\":true,\"isEdit\":\"1\",\"isIncrement\":\"0\",\"isInsert\":\"1\",\"isList\":\"1\",\"isPk\":\"0\",\"isQuery\":\"1\",\"javaField\":\"location\",\"javaType\":\"String\",\"list\":true,\"params\":{},\"pk\":false,\"query\":true,\"queryType\":\"EQ\",\"required\":false,\"sort\":3,\"superColumn\":false,\"tableId\":3,\"updateBy\":\"\",\"usableColumn\":false},{\"capJavaField\":\"Longitude\",\"columnComment\":\"实时经度\",\"columnId\":26,\"columnName\":\"longitude\",\"columnType\":\"varchar(32)\",\"createBy\":\"admin\",\"createTime\":\"2023-04-20 22:37:22\",\"dictType\":\"\",\"edit\":true,\"htmlType\":\"input\",\"increment\":false,\"insert\":true,\"isEdit\":\"1\",\"isIncrement\":\"0\",\"isInsert\":\"1\",\"isList\":\"1\",\"isPk\":\"0\",\"isQuery\":\"0\",\"javaField\":\"longitude\",\"javaType\":\"String\",\"list\":true,\"params\":{},\"pk\":false,\"', '{\"msg\":\"操作成功\",\"code\":200}', 0, NULL, '2023-04-20 22:48:38', 135);
INSERT INTO `sys_oper_log` (`oper_id`, `title`, `business_type`, `method`, `request_method`, `operator_type`, `oper_name`, `dept_name`, `oper_url`, `oper_ip`, `oper_location`, `oper_param`, `json_result`, `status`, `error_msg`, `oper_time`, `cost_time`) VALUES (123, '代码生成', 2, 'com.ruoyi.generator.controller.GenController.editSave()', 'PUT', 1, 'admin', NULL, '/tool/gen', '127.0.0.1', '内网IP', '{\"businessName\":\"pcCheckUser\",\"className\":\"PcCheckUser\",\"columns\":[{\"capJavaField\":\"Id\",\"columnComment\":\"ID\",\"columnId\":13,\"columnName\":\"id\",\"columnType\":\"bigint\",\"createBy\":\"admin\",\"createTime\":\"2023-04-20 22:37:22\",\"dictType\":\"\",\"edit\":false,\"htmlType\":\"input\",\"increment\":true,\"insert\":true,\"isIncrement\":\"1\",\"isInsert\":\"1\",\"isPk\":\"1\",\"javaField\":\"id\",\"javaType\":\"Long\",\"list\":false,\"params\":{},\"pk\":true,\"query\":false,\"queryType\":\"EQ\",\"required\":false,\"sort\":1,\"superColumn\":false,\"tableId\":2,\"updateBy\":\"\",\"updateTime\":\"2023-04-20 22:47:58\",\"usableColumn\":false},{\"capJavaField\":\"CheckId\",\"columnComment\":\"签到ID\",\"columnId\":14,\"columnName\":\"check_id\",\"columnType\":\"bigint\",\"createBy\":\"admin\",\"createTime\":\"2023-04-20 22:37:22\",\"dictType\":\"\",\"edit\":true,\"htmlType\":\"input\",\"increment\":false,\"insert\":true,\"isEdit\":\"1\",\"isIncrement\":\"0\",\"isInsert\":\"1\",\"isList\":\"1\",\"isPk\":\"0\",\"isQuery\":\"0\",\"isRequired\":\"1\",\"javaField\":\"checkId\",\"javaType\":\"Long\",\"list\":true,\"params\":{},\"pk\":false,\"query\":false,\"queryType\":\"EQ\",\"required\":true,\"sort\":2,\"superColumn\":false,\"tableId\":2,\"updateBy\":\"\",\"updateTime\":\"2023-04-20 22:47:58\",\"usableColumn\":false},{\"capJavaField\":\"UserId\",\"columnComment\":\"用户ID\",\"columnId\":15,\"columnName\":\"user_id\",\"columnType\":\"bigint\",\"createBy\":\"admin\",\"createTime\":\"2023-04-20 22:37:22\",\"dictType\":\"\",\"edit\":true,\"htmlType\":\"input\",\"increment\":false,\"insert\":true,\"isEdit\":\"1\",\"isIncrement\":\"0\",\"isInsert\":\"1\",\"isList\":\"1\",\"isPk\":\"0\",\"isQuery\":\"0\",\"isRequired\":\"1\",\"javaField\":\"userId\",\"javaType\":\"Long\",\"list\":true,\"params\":{},\"pk\":false,\"query\":false,\"queryType\":\"EQ\",\"required\":true,\"sort\":3,\"superColumn\":false,\"tableId\":2,\"updateBy\":\"\",\"updateTime\":\"2023-04-20 22:47:58\",\"usableColumn\":false},{\"capJavaField\":\"Status\",\"columnComment\":\"是否签到（0未签到\",\"columnId\":16,\"columnName\":\"status\",\"columnType\":\"char(1)\",\"createBy\":\"admin\",\"createTime\":\"2023-04-20 22:37:22\",\"dictType\":\"\",\"edit\":true,\"htmlType\":\"radio\",\"increment\":false,\"insert\":true,\"isEdit\":\"1\",\"isIncrement\":\"0\",\"isInsert\":', '{\"msg\":\"操作成功\",\"code\":200}', 0, NULL, '2023-04-20 22:48:44', 56);
INSERT INTO `sys_oper_log` (`oper_id`, `title`, `business_type`, `method`, `request_method`, `operator_type`, `oper_name`, `dept_name`, `oper_url`, `oper_ip`, `oper_location`, `oper_param`, `json_result`, `status`, `error_msg`, `oper_time`, `cost_time`) VALUES (124, '代码生成', 8, 'com.ruoyi.generator.controller.GenController.batchGenCode()', 'GET', 1, 'admin', NULL, '/tool/gen/batchGenCode', '127.0.0.1', '内网IP', '{\"tables\":\"pc_check\"}', NULL, 0, NULL, '2023-04-20 22:48:48', 244);
INSERT INTO `sys_oper_log` (`oper_id`, `title`, `business_type`, `method`, `request_method`, `operator_type`, `oper_name`, `dept_name`, `oper_url`, `oper_ip`, `oper_location`, `oper_param`, `json_result`, `status`, `error_msg`, `oper_time`, `cost_time`) VALUES (125, '代码生成', 8, 'com.ruoyi.generator.controller.GenController.batchGenCode()', 'GET', 1, 'admin', NULL, '/tool/gen/batchGenCode', '127.0.0.1', '内网IP', '{\"tables\":\"pc_check_user\"}', NULL, 0, NULL, '2023-04-20 22:48:48', 170);
INSERT INTO `sys_oper_log` (`oper_id`, `title`, `business_type`, `method`, `request_method`, `operator_type`, `oper_name`, `dept_name`, `oper_url`, `oper_ip`, `oper_location`, `oper_param`, `json_result`, `status`, `error_msg`, `oper_time`, `cost_time`) VALUES (126, '代码生成', 8, 'com.ruoyi.generator.controller.GenController.batchGenCode()', 'GET', 1, 'admin', NULL, '/tool/gen/batchGenCode', '127.0.0.1', '内网IP', '{\"tables\":\"pc_gps\"}', NULL, 0, NULL, '2023-04-20 22:48:49', 125);
INSERT INTO `sys_oper_log` (`oper_id`, `title`, `business_type`, `method`, `request_method`, `operator_type`, `oper_name`, `dept_name`, `oper_url`, `oper_ip`, `oper_location`, `oper_param`, `json_result`, `status`, `error_msg`, `oper_time`, `cost_time`) VALUES (127, '签到信息', 1, 'com.ruoyi.web.controller.gps.PcCheckController.add()', 'POST', 1, 'admin', NULL, '/gps/pcCheck', '127.0.0.1', '内网IP', '{\"createTime\":\"2023-04-20 23:10:49\",\"distance\":\"100\",\"image\":\"/profile/upload/2023/04/20/a22135590a3d447cc1ffc9e1073b4f1e_20230420230809A001.jpg\",\"latitude\":\"39.908823\",\"location\":\"天安门广场\",\"longitude\":\"116.397470\",\"name\":\"我是位置签到专用活动\",\"params\":{}}', NULL, 1, '\n### Error updating database.  Cause: com.mysql.cj.jdbc.exceptions.MysqlDataTruncation: Data truncation: Data too long for column \'image\' at row 1\n### The error may exist in file [/Users/sunzx/Documents/other-project/人员定位与签到系统/position-check-springboot/ruoyi-gps/target/classes/mapper/gps/PcCheckMapper.xml]\n### The error may involve com.ruoyi.gps.mapper.PcCheckMapper.insertPcCheck-Inline\n### The error occurred while setting parameters\n### SQL: insert into pc_check          ( name,             distance,             image,             location,             longitude,             latitude,                          create_time )           values ( ?,             ?,             ?,             ?,             ?,             ?,                          ? )\n### Cause: com.mysql.cj.jdbc.exceptions.MysqlDataTruncation: Data truncation: Data too long for column \'image\' at row 1\n; Data truncation: Data too long for column \'image\' at row 1; nested exception is com.mysql.cj.jdbc.exceptions.MysqlDataTruncation: Data truncation: Data too long for column \'image\' at row 1', '2023-04-20 23:10:49', 350);
INSERT INTO `sys_oper_log` (`oper_id`, `title`, `business_type`, `method`, `request_method`, `operator_type`, `oper_name`, `dept_name`, `oper_url`, `oper_ip`, `oper_location`, `oper_param`, `json_result`, `status`, `error_msg`, `oper_time`, `cost_time`) VALUES (128, '签到信息', 1, 'com.ruoyi.web.controller.gps.PcCheckController.add()', 'POST', 1, 'admin', NULL, '/gps/pcCheck', '127.0.0.1', '内网IP', '{\"createTime\":\"2023-04-20 23:11:00\",\"distance\":\"100\",\"id\":1,\"image\":\"/profile/upload/2023/04/20/a22135590a3d447cc1ffc9e1073b4f1e_20230420230809A001.jpg\",\"latitude\":\"39.908823\",\"location\":\"天安门广场\",\"longitude\":\"116.397470\",\"name\":\"我是位置签到专用活动\",\"params\":{}}', '{\"msg\":\"操作成功\",\"code\":200}', 0, NULL, '2023-04-20 23:11:01', 36);
INSERT INTO `sys_oper_log` (`oper_id`, `title`, `business_type`, `method`, `request_method`, `operator_type`, `oper_name`, `dept_name`, `oper_url`, `oper_ip`, `oper_location`, `oper_param`, `json_result`, `status`, `error_msg`, `oper_time`, `cost_time`) VALUES (129, '菜单管理', 2, 'com.ruoyi.web.controller.system.SysMenuController.edit()', 'PUT', 1, 'admin', NULL, '/system/menu', '127.0.0.1', '内网IP', '{\"children\":[],\"createTime\":\"2023-04-20 19:54:30\",\"icon\":\"tool\",\"isCache\":\"0\",\"isFrame\":\"1\",\"menuId\":3,\"menuName\":\"系统工具\",\"menuType\":\"M\",\"orderNum\":3,\"params\":{},\"parentId\":0,\"path\":\"tool\",\"perms\":\"\",\"query\":\"\",\"status\":\"1\",\"updateBy\":\"admin\",\"visible\":\"0\"}', '{\"msg\":\"操作成功\",\"code\":200}', 0, NULL, '2023-04-20 23:18:33', 110);
INSERT INTO `sys_oper_log` (`oper_id`, `title`, `business_type`, `method`, `request_method`, `operator_type`, `oper_name`, `dept_name`, `oper_url`, `oper_ip`, `oper_location`, `oper_param`, `json_result`, `status`, `error_msg`, `oper_time`, `cost_time`) VALUES (130, '签到信息', 1, 'com.ruoyi.web.controller.gps.PcCheckController.add()', 'POST', 1, 'admin', NULL, '/gps/pcCheck', '127.0.0.1', '内网IP', '{\"createTime\":\"2023-04-21 22:57:11\",\"distance\":\"150\",\"id\":2,\"image\":\"/profile/upload/2023/04/21/a22135590a3d447cc1ffc9e1073b4f1e_20230421225614A001.jpg\",\"latitude\":\"39.867126\",\"location\":\"欢乐谷\",\"longitude\":\"116.494904\",\"name\":\"我是位置签到活动2\",\"params\":{}}', '{\"msg\":\"操作成功\",\"code\":200}', 0, NULL, '2023-04-21 22:57:11', 166);
INSERT INTO `sys_oper_log` (`oper_id`, `title`, `business_type`, `method`, `request_method`, `operator_type`, `oper_name`, `dept_name`, `oper_url`, `oper_ip`, `oper_location`, `oper_param`, `json_result`, `status`, `error_msg`, `oper_time`, `cost_time`) VALUES (131, '签到信息', 2, 'com.ruoyi.web.controller.gps.PcCheckController.edit()', 'PUT', 1, 'admin', NULL, '/gps/pcCheck', '127.0.0.1', '内网IP', '{\"createBy\":\"\",\"createTime\":\"2023-04-21 22:57:11\",\"distance\":\"150\",\"id\":2,\"image\":\"/profile/upload/2023/04/21/a22135590a3d447cc1ffc9e1073b4f1e_20230421225614A001.jpg\",\"latitude\":\"39.867126\",\"location\":\"欢乐谷\",\"longitude\":\"116.494904\",\"name\":\"我是位置签到专用活动2\",\"params\":{},\"updateBy\":\"\",\"updateTime\":\"2023-04-21 22:58:56\"}', '{\"msg\":\"操作成功\",\"code\":200}', 0, NULL, '2023-04-21 22:58:56', 48);
INSERT INTO `sys_oper_log` (`oper_id`, `title`, `business_type`, `method`, `request_method`, `operator_type`, `oper_name`, `dept_name`, `oper_url`, `oper_ip`, `oper_location`, `oper_param`, `json_result`, `status`, `error_msg`, `oper_time`, `cost_time`) VALUES (132, '菜单管理', 2, 'com.ruoyi.web.controller.system.SysMenuController.edit()', 'PUT', 1, 'admin', NULL, '/system/menu', '127.0.0.1', '内网IP', '{\"children\":[],\"createTime\":\"2023-04-20 19:54:30\",\"icon\":\"tool\",\"isCache\":\"0\",\"isFrame\":\"1\",\"menuId\":3,\"menuName\":\"系统工具\",\"menuType\":\"M\",\"orderNum\":3,\"params\":{},\"parentId\":0,\"path\":\"tool\",\"perms\":\"\",\"query\":\"\",\"status\":\"0\",\"updateBy\":\"admin\",\"visible\":\"0\"}', '{\"msg\":\"操作成功\",\"code\":200}', 0, NULL, '2023-04-22 19:52:46', 106);
INSERT INTO `sys_oper_log` (`oper_id`, `title`, `business_type`, `method`, `request_method`, `operator_type`, `oper_name`, `dept_name`, `oper_url`, `oper_ip`, `oper_location`, `oper_param`, `json_result`, `status`, `error_msg`, `oper_time`, `cost_time`) VALUES (133, '代码生成', 6, 'com.ruoyi.generator.controller.GenController.importTableSave()', 'POST', 1, 'admin', NULL, '/tool/gen/importTable', '127.0.0.1', '内网IP', '{\"tables\":\"pc_face\"}', '{\"msg\":\"操作成功\",\"code\":200}', 0, NULL, '2023-04-22 19:53:08', 216);
INSERT INTO `sys_oper_log` (`oper_id`, `title`, `business_type`, `method`, `request_method`, `operator_type`, `oper_name`, `dept_name`, `oper_url`, `oper_ip`, `oper_location`, `oper_param`, `json_result`, `status`, `error_msg`, `oper_time`, `cost_time`) VALUES (134, '代码生成', 2, 'com.ruoyi.generator.controller.GenController.editSave()', 'PUT', 1, 'admin', NULL, '/tool/gen', '127.0.0.1', '内网IP', '{\"businessName\":\"pcFace\",\"className\":\"PcFace\",\"columns\":[{\"capJavaField\":\"Id\",\"columnComment\":\"ID\",\"columnId\":34,\"columnName\":\"id\",\"columnType\":\"bigint\",\"createBy\":\"admin\",\"createTime\":\"2023-04-22 19:53:08\",\"dictType\":\"\",\"edit\":false,\"htmlType\":\"input\",\"increment\":true,\"insert\":true,\"isIncrement\":\"1\",\"isInsert\":\"1\",\"isPk\":\"1\",\"javaField\":\"id\",\"javaType\":\"Long\",\"list\":false,\"params\":{},\"pk\":true,\"query\":false,\"queryType\":\"EQ\",\"required\":false,\"sort\":1,\"superColumn\":false,\"tableId\":4,\"updateBy\":\"\",\"usableColumn\":false},{\"capJavaField\":\"UserId\",\"columnComment\":\"用户ID\",\"columnId\":35,\"columnName\":\"user_id\",\"columnType\":\"bigint\",\"createBy\":\"admin\",\"createTime\":\"2023-04-22 19:53:08\",\"dictType\":\"\",\"edit\":true,\"htmlType\":\"input\",\"increment\":false,\"insert\":true,\"isEdit\":\"1\",\"isIncrement\":\"0\",\"isInsert\":\"1\",\"isList\":\"1\",\"isPk\":\"0\",\"isQuery\":\"0\",\"isRequired\":\"1\",\"javaField\":\"userId\",\"javaType\":\"Long\",\"list\":true,\"params\":{},\"pk\":false,\"query\":false,\"queryType\":\"EQ\",\"required\":true,\"sort\":2,\"superColumn\":false,\"tableId\":4,\"updateBy\":\"\",\"usableColumn\":false},{\"capJavaField\":\"FaceUrl\",\"columnComment\":\"人脸\",\"columnId\":36,\"columnName\":\"face_url\",\"columnType\":\"varchar(255)\",\"createBy\":\"admin\",\"createTime\":\"2023-04-22 19:53:08\",\"dictType\":\"\",\"edit\":true,\"htmlType\":\"input\",\"increment\":false,\"insert\":true,\"isEdit\":\"1\",\"isIncrement\":\"0\",\"isInsert\":\"1\",\"isList\":\"1\",\"isPk\":\"0\",\"isQuery\":\"0\",\"isRequired\":\"1\",\"javaField\":\"faceUrl\",\"javaType\":\"String\",\"list\":true,\"params\":{},\"pk\":false,\"query\":false,\"queryType\":\"EQ\",\"required\":true,\"sort\":3,\"superColumn\":false,\"tableId\":4,\"updateBy\":\"\",\"usableColumn\":false},{\"capJavaField\":\"CreateBy\",\"columnComment\":\"创建者\",\"columnId\":37,\"columnName\":\"create_by\",\"columnType\":\"varchar(64)\",\"createBy\":\"admin\",\"createTime\":\"2023-04-22 19:53:08\",\"dictType\":\"\",\"edit\":false,\"htmlType\":\"input\",\"increment\":false,\"insert\":true,\"isIncrement\":\"0\",\"isInsert\":\"1\",\"isPk\":\"0\",\"javaField\":\"createBy\",\"javaType\":\"String\",\"list\":false,\"params\":{},\"pk\":false,\"query\":false,\"queryType', '{\"msg\":\"操作成功\",\"code\":200}', 0, NULL, '2023-04-22 19:53:47', 132);
INSERT INTO `sys_oper_log` (`oper_id`, `title`, `business_type`, `method`, `request_method`, `operator_type`, `oper_name`, `dept_name`, `oper_url`, `oper_ip`, `oper_location`, `oper_param`, `json_result`, `status`, `error_msg`, `oper_time`, `cost_time`) VALUES (135, '代码生成', 8, 'com.ruoyi.generator.controller.GenController.batchGenCode()', 'GET', 1, 'admin', NULL, '/tool/gen/batchGenCode', '127.0.0.1', '内网IP', '{\"tables\":\"pc_face\"}', NULL, 0, NULL, '2023-04-22 19:53:50', 464);
INSERT INTO `sys_oper_log` (`oper_id`, `title`, `business_type`, `method`, `request_method`, `operator_type`, `oper_name`, `dept_name`, `oper_url`, `oper_ip`, `oper_location`, `oper_param`, `json_result`, `status`, `error_msg`, `oper_time`, `cost_time`) VALUES (136, '菜单管理', 2, 'com.ruoyi.web.controller.system.SysMenuController.edit()', 'PUT', 1, 'admin', NULL, '/system/menu', '127.0.0.1', '内网IP', '{\"children\":[],\"createTime\":\"2023-04-20 19:54:30\",\"icon\":\"tool\",\"isCache\":\"0\",\"isFrame\":\"1\",\"menuId\":3,\"menuName\":\"系统工具\",\"menuType\":\"M\",\"orderNum\":3,\"params\":{},\"parentId\":0,\"path\":\"tool\",\"perms\":\"\",\"query\":\"\",\"status\":\"1\",\"updateBy\":\"admin\",\"visible\":\"0\"}', '{\"msg\":\"操作成功\",\"code\":200}', 0, NULL, '2023-04-22 20:00:10', 116);
INSERT INTO `sys_oper_log` (`oper_id`, `title`, `business_type`, `method`, `request_method`, `operator_type`, `oper_name`, `dept_name`, `oper_url`, `oper_ip`, `oper_location`, `oper_param`, `json_result`, `status`, `error_msg`, `oper_time`, `cost_time`) VALUES (137, '菜单管理', 2, 'com.ruoyi.web.controller.system.SysMenuController.edit()', 'PUT', 1, 'admin', NULL, '/system/menu', '127.0.0.1', '内网IP', '{\"children\":[],\"createTime\":\"2023-04-20 19:54:30\",\"icon\":\"tool\",\"isCache\":\"0\",\"isFrame\":\"1\",\"menuId\":3,\"menuName\":\"系统工具\",\"menuType\":\"M\",\"orderNum\":3,\"params\":{},\"parentId\":0,\"path\":\"tool\",\"perms\":\"\",\"query\":\"\",\"status\":\"0\",\"updateBy\":\"admin\",\"visible\":\"0\"}', '{\"msg\":\"操作成功\",\"code\":200}', 0, NULL, '2023-04-24 12:13:16', 78);
INSERT INTO `sys_oper_log` (`oper_id`, `title`, `business_type`, `method`, `request_method`, `operator_type`, `oper_name`, `dept_name`, `oper_url`, `oper_ip`, `oper_location`, `oper_param`, `json_result`, `status`, `error_msg`, `oper_time`, `cost_time`) VALUES (138, '代码生成', 6, 'com.ruoyi.generator.controller.GenController.importTableSave()', 'POST', 1, 'admin', NULL, '/tool/gen/importTable', '127.0.0.1', '内网IP', '{\"tables\":\"pc_marker\"}', '{\"msg\":\"操作成功\",\"code\":200}', 0, NULL, '2023-04-24 12:13:27', 249);
INSERT INTO `sys_oper_log` (`oper_id`, `title`, `business_type`, `method`, `request_method`, `operator_type`, `oper_name`, `dept_name`, `oper_url`, `oper_ip`, `oper_location`, `oper_param`, `json_result`, `status`, `error_msg`, `oper_time`, `cost_time`) VALUES (139, '代码生成', 2, 'com.ruoyi.generator.controller.GenController.editSave()', 'PUT', 1, 'admin', NULL, '/tool/gen', '127.0.0.1', '内网IP', '{\"businessName\":\"pcMarker\",\"className\":\"PcMarker\",\"columns\":[{\"capJavaField\":\"Id\",\"columnComment\":\"ID\",\"columnId\":42,\"columnName\":\"id\",\"columnType\":\"bigint\",\"createBy\":\"admin\",\"createTime\":\"2023-04-24 12:13:27\",\"dictType\":\"\",\"edit\":false,\"htmlType\":\"input\",\"increment\":true,\"insert\":true,\"isIncrement\":\"1\",\"isInsert\":\"1\",\"isPk\":\"1\",\"javaField\":\"id\",\"javaType\":\"Long\",\"list\":false,\"params\":{},\"pk\":true,\"query\":false,\"queryType\":\"EQ\",\"required\":false,\"sort\":1,\"superColumn\":false,\"tableId\":5,\"updateBy\":\"\",\"usableColumn\":false},{\"capJavaField\":\"UserId\",\"columnComment\":\"用户ID\",\"columnId\":43,\"columnName\":\"user_id\",\"columnType\":\"bigint\",\"createBy\":\"admin\",\"createTime\":\"2023-04-24 12:13:27\",\"dictType\":\"\",\"edit\":true,\"htmlType\":\"input\",\"increment\":false,\"insert\":true,\"isEdit\":\"1\",\"isIncrement\":\"0\",\"isInsert\":\"1\",\"isList\":\"1\",\"isPk\":\"0\",\"isQuery\":\"0\",\"isRequired\":\"1\",\"javaField\":\"userId\",\"javaType\":\"Long\",\"list\":true,\"params\":{},\"pk\":false,\"query\":false,\"queryType\":\"EQ\",\"required\":true,\"sort\":2,\"superColumn\":false,\"tableId\":5,\"updateBy\":\"\",\"usableColumn\":false},{\"capJavaField\":\"Name\",\"columnComment\":\"位置名称\",\"columnId\":44,\"columnName\":\"name\",\"columnType\":\"varchar(50)\",\"createBy\":\"admin\",\"createTime\":\"2023-04-24 12:13:27\",\"dictType\":\"\",\"edit\":true,\"htmlType\":\"input\",\"increment\":false,\"insert\":true,\"isEdit\":\"1\",\"isIncrement\":\"0\",\"isInsert\":\"1\",\"isList\":\"1\",\"isPk\":\"0\",\"isQuery\":\"1\",\"javaField\":\"name\",\"javaType\":\"String\",\"list\":true,\"params\":{},\"pk\":false,\"query\":true,\"queryType\":\"LIKE\",\"required\":false,\"sort\":3,\"superColumn\":false,\"tableId\":5,\"updateBy\":\"\",\"usableColumn\":false},{\"capJavaField\":\"Longitude\",\"columnComment\":\"经度\",\"columnId\":45,\"columnName\":\"longitude\",\"columnType\":\"varchar(32)\",\"createBy\":\"admin\",\"createTime\":\"2023-04-24 12:13:27\",\"dictType\":\"\",\"edit\":true,\"htmlType\":\"input\",\"increment\":false,\"insert\":true,\"isEdit\":\"1\",\"isIncrement\":\"0\",\"isInsert\":\"1\",\"isList\":\"1\",\"isPk\":\"0\",\"isQuery\":\"0\",\"javaField\":\"longitude\",\"javaType\":\"String\",\"list\":true,\"params\":{},\"pk\":false,\"quer', '{\"msg\":\"操作成功\",\"code\":200}', 0, NULL, '2023-04-24 12:14:07', 147);
INSERT INTO `sys_oper_log` (`oper_id`, `title`, `business_type`, `method`, `request_method`, `operator_type`, `oper_name`, `dept_name`, `oper_url`, `oper_ip`, `oper_location`, `oper_param`, `json_result`, `status`, `error_msg`, `oper_time`, `cost_time`) VALUES (140, '代码生成', 8, 'com.ruoyi.generator.controller.GenController.batchGenCode()', 'GET', 1, 'admin', NULL, '/tool/gen/batchGenCode', '127.0.0.1', '内网IP', '{\"tables\":\"pc_marker\"}', NULL, 0, NULL, '2023-04-24 12:14:12', 567);
INSERT INTO `sys_oper_log` (`oper_id`, `title`, `business_type`, `method`, `request_method`, `operator_type`, `oper_name`, `dept_name`, `oper_url`, `oper_ip`, `oper_location`, `oper_param`, `json_result`, `status`, `error_msg`, `oper_time`, `cost_time`) VALUES (141, '菜单管理', 3, 'com.ruoyi.web.controller.system.SysMenuController.remove()', 'DELETE', 1, 'admin', NULL, '/system/menu/2000', '127.0.0.1', '内网IP', '{}', '{\"msg\":\"存在子菜单,不允许删除\",\"code\":601}', 0, NULL, '2023-04-24 22:42:16', 25);
INSERT INTO `sys_oper_log` (`oper_id`, `title`, `business_type`, `method`, `request_method`, `operator_type`, `oper_name`, `dept_name`, `oper_url`, `oper_ip`, `oper_location`, `oper_param`, `json_result`, `status`, `error_msg`, `oper_time`, `cost_time`) VALUES (142, '代码生成', 6, 'com.ruoyi.generator.controller.GenController.importTableSave()', 'POST', 1, 'admin', NULL, '/tool/gen/importTable', '127.0.0.1', '内网IP', '{\"tables\":\"bcms_project,bcms_medical,bcms_customer,bcms_sales_order_detail,bcms_sales_order\"}', '{\"msg\":\"操作成功\",\"code\":200}', 0, NULL, '2023-04-25 10:11:00', 515);
INSERT INTO `sys_oper_log` (`oper_id`, `title`, `business_type`, `method`, `request_method`, `operator_type`, `oper_name`, `dept_name`, `oper_url`, `oper_ip`, `oper_location`, `oper_param`, `json_result`, `status`, `error_msg`, `oper_time`, `cost_time`) VALUES (143, '代码生成', 2, 'com.ruoyi.generator.controller.GenController.editSave()', 'PUT', 1, 'admin', NULL, '/tool/gen', '127.0.0.1', '内网IP', '{\"businessName\":\"bcmsCustomer\",\"className\":\"BcmsCustomer\",\"columns\":[{\"capJavaField\":\"Id\",\"columnComment\":\"ID\",\"columnId\":1,\"columnName\":\"id\",\"columnType\":\"bigint\",\"createBy\":\"admin\",\"createTime\":\"2023-04-25 10:11:00\",\"dictType\":\"\",\"edit\":false,\"htmlType\":\"input\",\"increment\":true,\"insert\":true,\"isIncrement\":\"1\",\"isInsert\":\"1\",\"isPk\":\"1\",\"javaField\":\"id\",\"javaType\":\"Long\",\"list\":false,\"params\":{},\"pk\":true,\"query\":false,\"queryType\":\"EQ\",\"required\":false,\"sort\":1,\"superColumn\":false,\"tableId\":1,\"updateBy\":\"\",\"usableColumn\":false},{\"capJavaField\":\"Name\",\"columnComment\":\"姓名\",\"columnId\":2,\"columnName\":\"name\",\"columnType\":\"varchar(32)\",\"createBy\":\"admin\",\"createTime\":\"2023-04-25 10:11:00\",\"dictType\":\"\",\"edit\":true,\"htmlType\":\"input\",\"increment\":false,\"insert\":true,\"isEdit\":\"1\",\"isIncrement\":\"0\",\"isInsert\":\"1\",\"isList\":\"1\",\"isPk\":\"0\",\"isQuery\":\"1\",\"isRequired\":\"1\",\"javaField\":\"name\",\"javaType\":\"String\",\"list\":true,\"params\":{},\"pk\":false,\"query\":true,\"queryType\":\"LIKE\",\"required\":true,\"sort\":2,\"superColumn\":false,\"tableId\":1,\"updateBy\":\"\",\"usableColumn\":false},{\"capJavaField\":\"Mobile\",\"columnComment\":\"电话\",\"columnId\":3,\"columnName\":\"mobile\",\"columnType\":\"varchar(11)\",\"createBy\":\"admin\",\"createTime\":\"2023-04-25 10:11:00\",\"dictType\":\"\",\"edit\":true,\"htmlType\":\"input\",\"increment\":false,\"insert\":true,\"isEdit\":\"1\",\"isIncrement\":\"0\",\"isInsert\":\"1\",\"isList\":\"1\",\"isPk\":\"0\",\"isQuery\":\"1\",\"isRequired\":\"1\",\"javaField\":\"mobile\",\"javaType\":\"String\",\"list\":true,\"params\":{},\"pk\":false,\"query\":true,\"queryType\":\"EQ\",\"required\":true,\"sort\":3,\"superColumn\":false,\"tableId\":1,\"updateBy\":\"\",\"usableColumn\":false},{\"capJavaField\":\"IdCard\",\"columnComment\":\"身份证\",\"columnId\":4,\"columnName\":\"id_card\",\"columnType\":\"varchar(32)\",\"createBy\":\"admin\",\"createTime\":\"2023-04-25 10:11:00\",\"dictType\":\"\",\"edit\":true,\"htmlType\":\"input\",\"increment\":false,\"insert\":true,\"isEdit\":\"1\",\"isIncrement\":\"0\",\"isInsert\":\"1\",\"isList\":\"1\",\"isPk\":\"0\",\"isQuery\":\"1\",\"isRequired\":\"1\",\"javaField\":\"idCard\",\"javaType\":\"String\",\"list\":tr', '{\"msg\":\"操作成功\",\"code\":200}', 0, NULL, '2023-04-25 10:11:32', 112);
INSERT INTO `sys_oper_log` (`oper_id`, `title`, `business_type`, `method`, `request_method`, `operator_type`, `oper_name`, `dept_name`, `oper_url`, `oper_ip`, `oper_location`, `oper_param`, `json_result`, `status`, `error_msg`, `oper_time`, `cost_time`) VALUES (144, '菜单管理', 1, 'com.ruoyi.web.controller.system.SysMenuController.add()', 'POST', 1, 'admin', NULL, '/system/menu', '127.0.0.1', '内网IP', '{\"children\":[],\"createBy\":\"admin\",\"icon\":\"component\",\"isCache\":\"0\",\"isFrame\":\"1\",\"menuName\":\"BCMS管理\",\"menuType\":\"M\",\"orderNum\":0,\"params\":{},\"parentId\":0,\"path\":\"bcms\",\"status\":\"0\",\"visible\":\"0\"}', '{\"msg\":\"操作成功\",\"code\":200}', 0, NULL, '2023-04-25 10:12:14', 88);
INSERT INTO `sys_oper_log` (`oper_id`, `title`, `business_type`, `method`, `request_method`, `operator_type`, `oper_name`, `dept_name`, `oper_url`, `oper_ip`, `oper_location`, `oper_param`, `json_result`, `status`, `error_msg`, `oper_time`, `cost_time`) VALUES (145, '代码生成', 2, 'com.ruoyi.generator.controller.GenController.editSave()', 'PUT', 1, 'admin', NULL, '/tool/gen', '127.0.0.1', '内网IP', '{\"businessName\":\"bcmsCustomer\",\"className\":\"BcmsCustomer\",\"columns\":[{\"capJavaField\":\"Id\",\"columnComment\":\"ID\",\"columnId\":1,\"columnName\":\"id\",\"columnType\":\"bigint\",\"createBy\":\"admin\",\"createTime\":\"2023-04-25 10:11:00\",\"dictType\":\"\",\"edit\":false,\"htmlType\":\"input\",\"increment\":true,\"insert\":true,\"isIncrement\":\"1\",\"isInsert\":\"1\",\"isPk\":\"1\",\"javaField\":\"id\",\"javaType\":\"Long\",\"list\":false,\"params\":{},\"pk\":true,\"query\":false,\"queryType\":\"EQ\",\"required\":false,\"sort\":1,\"superColumn\":false,\"tableId\":1,\"updateBy\":\"\",\"updateTime\":\"2023-04-25 10:11:32\",\"usableColumn\":false},{\"capJavaField\":\"Name\",\"columnComment\":\"姓名\",\"columnId\":2,\"columnName\":\"name\",\"columnType\":\"varchar(32)\",\"createBy\":\"admin\",\"createTime\":\"2023-04-25 10:11:00\",\"dictType\":\"\",\"edit\":true,\"htmlType\":\"input\",\"increment\":false,\"insert\":true,\"isEdit\":\"1\",\"isIncrement\":\"0\",\"isInsert\":\"1\",\"isList\":\"1\",\"isPk\":\"0\",\"isQuery\":\"1\",\"isRequired\":\"1\",\"javaField\":\"name\",\"javaType\":\"String\",\"list\":true,\"params\":{},\"pk\":false,\"query\":true,\"queryType\":\"LIKE\",\"required\":true,\"sort\":2,\"superColumn\":false,\"tableId\":1,\"updateBy\":\"\",\"updateTime\":\"2023-04-25 10:11:32\",\"usableColumn\":false},{\"capJavaField\":\"Mobile\",\"columnComment\":\"电话\",\"columnId\":3,\"columnName\":\"mobile\",\"columnType\":\"varchar(11)\",\"createBy\":\"admin\",\"createTime\":\"2023-04-25 10:11:00\",\"dictType\":\"\",\"edit\":true,\"htmlType\":\"input\",\"increment\":false,\"insert\":true,\"isEdit\":\"1\",\"isIncrement\":\"0\",\"isInsert\":\"1\",\"isList\":\"1\",\"isPk\":\"0\",\"isQuery\":\"1\",\"isRequired\":\"1\",\"javaField\":\"mobile\",\"javaType\":\"String\",\"list\":true,\"params\":{},\"pk\":false,\"query\":true,\"queryType\":\"EQ\",\"required\":true,\"sort\":3,\"superColumn\":false,\"tableId\":1,\"updateBy\":\"\",\"updateTime\":\"2023-04-25 10:11:32\",\"usableColumn\":false},{\"capJavaField\":\"IdCard\",\"columnComment\":\"身份证\",\"columnId\":4,\"columnName\":\"id_card\",\"columnType\":\"varchar(32)\",\"createBy\":\"admin\",\"createTime\":\"2023-04-25 10:11:00\",\"dictType\":\"\",\"edit\":true,\"htmlType\":\"input\",\"increment\":false,\"insert\":true,\"isEdit\":\"1\",\"isIncrement\":\"0\",\"isInsert\":\"1\",', '{\"msg\":\"操作成功\",\"code\":200}', 0, NULL, '2023-04-25 10:12:43', 152);
INSERT INTO `sys_oper_log` (`oper_id`, `title`, `business_type`, `method`, `request_method`, `operator_type`, `oper_name`, `dept_name`, `oper_url`, `oper_ip`, `oper_location`, `oper_param`, `json_result`, `status`, `error_msg`, `oper_time`, `cost_time`) VALUES (146, '代码生成', 8, 'com.ruoyi.generator.controller.GenController.batchGenCode()', 'GET', 1, 'admin', NULL, '/tool/gen/batchGenCode', '127.0.0.1', '内网IP', '{\"tables\":\"bcms_customer\"}', NULL, 0, NULL, '2023-04-25 10:12:46', 478);
INSERT INTO `sys_oper_log` (`oper_id`, `title`, `business_type`, `method`, `request_method`, `operator_type`, `oper_name`, `dept_name`, `oper_url`, `oper_ip`, `oper_location`, `oper_param`, `json_result`, `status`, `error_msg`, `oper_time`, `cost_time`) VALUES (147, '代码生成', 2, 'com.ruoyi.generator.controller.GenController.editSave()', 'PUT', 1, 'admin', NULL, '/tool/gen', '127.0.0.1', '内网IP', '{\"businessName\":\"bcmsMedical\",\"className\":\"BcmsMedical\",\"columns\":[{\"capJavaField\":\"Id\",\"columnComment\":\"ID\",\"columnId\":13,\"columnName\":\"id\",\"columnType\":\"bigint\",\"createBy\":\"admin\",\"createTime\":\"2023-04-25 10:11:00\",\"dictType\":\"\",\"edit\":false,\"htmlType\":\"input\",\"increment\":true,\"insert\":true,\"isIncrement\":\"1\",\"isInsert\":\"1\",\"isPk\":\"1\",\"javaField\":\"id\",\"javaType\":\"Long\",\"list\":false,\"params\":{},\"pk\":true,\"query\":false,\"queryType\":\"EQ\",\"required\":false,\"sort\":1,\"superColumn\":false,\"tableId\":2,\"updateBy\":\"\",\"usableColumn\":false},{\"capJavaField\":\"Name\",\"columnComment\":\"药品名称\",\"columnId\":14,\"columnName\":\"name\",\"columnType\":\"varchar(32)\",\"createBy\":\"admin\",\"createTime\":\"2023-04-25 10:11:00\",\"dictType\":\"\",\"edit\":true,\"htmlType\":\"input\",\"increment\":false,\"insert\":true,\"isEdit\":\"1\",\"isIncrement\":\"0\",\"isInsert\":\"1\",\"isList\":\"1\",\"isPk\":\"0\",\"isQuery\":\"1\",\"isRequired\":\"1\",\"javaField\":\"name\",\"javaType\":\"String\",\"list\":true,\"params\":{},\"pk\":false,\"query\":true,\"queryType\":\"LIKE\",\"required\":true,\"sort\":2,\"superColumn\":false,\"tableId\":2,\"updateBy\":\"\",\"usableColumn\":false},{\"capJavaField\":\"Code\",\"columnComment\":\"药品拼音码\",\"columnId\":15,\"columnName\":\"code\",\"columnType\":\"varchar(32)\",\"createBy\":\"admin\",\"createTime\":\"2023-04-25 10:11:00\",\"dictType\":\"\",\"edit\":true,\"htmlType\":\"input\",\"increment\":false,\"insert\":true,\"isEdit\":\"1\",\"isIncrement\":\"0\",\"isInsert\":\"1\",\"isList\":\"1\",\"isPk\":\"0\",\"isQuery\":\"1\",\"isRequired\":\"1\",\"javaField\":\"code\",\"javaType\":\"String\",\"list\":true,\"params\":{},\"pk\":false,\"query\":true,\"queryType\":\"EQ\",\"required\":true,\"sort\":3,\"superColumn\":false,\"tableId\":2,\"updateBy\":\"\",\"usableColumn\":false},{\"capJavaField\":\"Spce\",\"columnComment\":\"规格\",\"columnId\":16,\"columnName\":\"spce\",\"columnType\":\"varchar(32)\",\"createBy\":\"admin\",\"createTime\":\"2023-04-25 10:11:00\",\"dictType\":\"\",\"edit\":true,\"htmlType\":\"input\",\"increment\":false,\"insert\":true,\"isEdit\":\"1\",\"isIncrement\":\"0\",\"isInsert\":\"1\",\"isList\":\"1\",\"isPk\":\"0\",\"isQuery\":\"0\",\"isRequired\":\"1\",\"javaField\":\"spce\",\"javaType\":\"String\",\"list\":true,\"par', '{\"msg\":\"操作成功\",\"code\":200}', 0, NULL, '2023-04-25 10:13:30', 104);
INSERT INTO `sys_oper_log` (`oper_id`, `title`, `business_type`, `method`, `request_method`, `operator_type`, `oper_name`, `dept_name`, `oper_url`, `oper_ip`, `oper_location`, `oper_param`, `json_result`, `status`, `error_msg`, `oper_time`, `cost_time`) VALUES (148, '代码生成', 8, 'com.ruoyi.generator.controller.GenController.batchGenCode()', 'GET', 1, 'admin', NULL, '/tool/gen/batchGenCode', '127.0.0.1', '内网IP', '{\"tables\":\"bcms_medical\"}', NULL, 0, NULL, '2023-04-25 10:13:33', 166);
INSERT INTO `sys_oper_log` (`oper_id`, `title`, `business_type`, `method`, `request_method`, `operator_type`, `oper_name`, `dept_name`, `oper_url`, `oper_ip`, `oper_location`, `oper_param`, `json_result`, `status`, `error_msg`, `oper_time`, `cost_time`) VALUES (149, '代码生成', 2, 'com.ruoyi.generator.controller.GenController.editSave()', 'PUT', 1, 'admin', NULL, '/tool/gen', '127.0.0.1', '内网IP', '{\"businessName\":\"bcmsProject\",\"className\":\"BcmsProject\",\"columns\":[{\"capJavaField\":\"Id\",\"columnComment\":\"ID\",\"columnId\":26,\"columnName\":\"id\",\"columnType\":\"bigint\",\"createBy\":\"admin\",\"createTime\":\"2023-04-25 10:11:00\",\"dictType\":\"\",\"edit\":false,\"htmlType\":\"input\",\"increment\":true,\"insert\":true,\"isIncrement\":\"1\",\"isInsert\":\"1\",\"isPk\":\"1\",\"javaField\":\"id\",\"javaType\":\"Long\",\"list\":false,\"params\":{},\"pk\":true,\"query\":false,\"queryType\":\"EQ\",\"required\":false,\"sort\":1,\"superColumn\":false,\"tableId\":3,\"updateBy\":\"\",\"usableColumn\":false},{\"capJavaField\":\"Name\",\"columnComment\":\"项目名称\",\"columnId\":27,\"columnName\":\"name\",\"columnType\":\"varchar(32)\",\"createBy\":\"admin\",\"createTime\":\"2023-04-25 10:11:00\",\"dictType\":\"\",\"edit\":true,\"htmlType\":\"input\",\"increment\":false,\"insert\":true,\"isEdit\":\"1\",\"isIncrement\":\"0\",\"isInsert\":\"1\",\"isList\":\"1\",\"isPk\":\"0\",\"isQuery\":\"1\",\"isRequired\":\"1\",\"javaField\":\"name\",\"javaType\":\"String\",\"list\":true,\"params\":{},\"pk\":false,\"query\":true,\"queryType\":\"LIKE\",\"required\":true,\"sort\":2,\"superColumn\":false,\"tableId\":3,\"updateBy\":\"\",\"usableColumn\":false},{\"capJavaField\":\"CusName\",\"columnComment\":\"客户名称\",\"columnId\":28,\"columnName\":\"cus_name\",\"columnType\":\"varchar(32)\",\"createBy\":\"admin\",\"createTime\":\"2023-04-25 10:11:00\",\"dictType\":\"\",\"edit\":true,\"htmlType\":\"input\",\"increment\":false,\"insert\":true,\"isEdit\":\"1\",\"isIncrement\":\"0\",\"isInsert\":\"1\",\"isList\":\"1\",\"isPk\":\"0\",\"isQuery\":\"1\",\"isRequired\":\"1\",\"javaField\":\"cusName\",\"javaType\":\"String\",\"list\":true,\"params\":{},\"pk\":false,\"query\":true,\"queryType\":\"LIKE\",\"required\":true,\"sort\":3,\"superColumn\":false,\"tableId\":3,\"updateBy\":\"\",\"usableColumn\":false},{\"capJavaField\":\"Manager\",\"columnComment\":\"项目负责人\",\"columnId\":29,\"columnName\":\"manager\",\"columnType\":\"varchar(32)\",\"createBy\":\"admin\",\"createTime\":\"2023-04-25 10:11:00\",\"dictType\":\"\",\"edit\":true,\"htmlType\":\"input\",\"increment\":false,\"insert\":true,\"isEdit\":\"1\",\"isIncrement\":\"0\",\"isInsert\":\"1\",\"isList\":\"1\",\"isPk\":\"0\",\"isQuery\":\"1\",\"isRequired\":\"1\",\"javaField\":\"manager\",\"javaType\":\"S', '{\"msg\":\"操作成功\",\"code\":200}', 0, NULL, '2023-04-25 10:16:01', 57);
INSERT INTO `sys_oper_log` (`oper_id`, `title`, `business_type`, `method`, `request_method`, `operator_type`, `oper_name`, `dept_name`, `oper_url`, `oper_ip`, `oper_location`, `oper_param`, `json_result`, `status`, `error_msg`, `oper_time`, `cost_time`) VALUES (150, '菜单管理', 2, 'com.ruoyi.web.controller.system.SysMenuController.edit()', 'PUT', 1, 'admin', NULL, '/system/menu', '127.0.0.1', '内网IP', '{\"children\":[],\"component\":\"system/dict/index\",\"createTime\":\"2023-04-20 19:54:30\",\"icon\":\"dict\",\"isCache\":\"0\",\"isFrame\":\"1\",\"menuId\":105,\"menuName\":\"字典管理\",\"menuType\":\"C\",\"orderNum\":6,\"params\":{},\"parentId\":1,\"path\":\"dict\",\"perms\":\"system:dict:list\",\"query\":\"\",\"status\":\"0\",\"updateBy\":\"admin\",\"visible\":\"0\"}', '{\"msg\":\"操作成功\",\"code\":200}', 0, NULL, '2023-04-25 10:16:14', 23);
INSERT INTO `sys_oper_log` (`oper_id`, `title`, `business_type`, `method`, `request_method`, `operator_type`, `oper_name`, `dept_name`, `oper_url`, `oper_ip`, `oper_location`, `oper_param`, `json_result`, `status`, `error_msg`, `oper_time`, `cost_time`) VALUES (151, '字典类型', 1, 'com.ruoyi.web.controller.system.SysDictTypeController.add()', 'POST', 1, 'admin', NULL, '/system/dict/type', '127.0.0.1', '内网IP', '{\"createBy\":\"admin\",\"dictName\":\"项目状态\",\"dictType\":\"project_status\",\"params\":{},\"status\":\"0\"}', '{\"msg\":\"操作成功\",\"code\":200}', 0, NULL, '2023-04-25 10:17:26', 73);
INSERT INTO `sys_oper_log` (`oper_id`, `title`, `business_type`, `method`, `request_method`, `operator_type`, `oper_name`, `dept_name`, `oper_url`, `oper_ip`, `oper_location`, `oper_param`, `json_result`, `status`, `error_msg`, `oper_time`, `cost_time`) VALUES (152, '字典数据', 1, 'com.ruoyi.web.controller.system.SysDictDataController.add()', 'POST', 1, 'admin', NULL, '/system/dict/data', '127.0.0.1', '内网IP', '{\"createBy\":\"admin\",\"default\":false,\"dictLabel\":\"已创建\",\"dictSort\":0,\"dictType\":\"project_status\",\"dictValue\":\"0\",\"listClass\":\"primary\",\"params\":{},\"status\":\"0\"}', '{\"msg\":\"操作成功\",\"code\":200}', 0, NULL, '2023-04-25 10:17:44', 47);
INSERT INTO `sys_oper_log` (`oper_id`, `title`, `business_type`, `method`, `request_method`, `operator_type`, `oper_name`, `dept_name`, `oper_url`, `oper_ip`, `oper_location`, `oper_param`, `json_result`, `status`, `error_msg`, `oper_time`, `cost_time`) VALUES (153, '字典数据', 1, 'com.ruoyi.web.controller.system.SysDictDataController.add()', 'POST', 1, 'admin', NULL, '/system/dict/data', '127.0.0.1', '内网IP', '{\"createBy\":\"admin\",\"default\":false,\"dictLabel\":\"跟进中\",\"dictSort\":1,\"dictType\":\"project_status\",\"dictValue\":\"1\",\"listClass\":\"danger\",\"params\":{},\"status\":\"0\"}', '{\"msg\":\"操作成功\",\"code\":200}', 0, NULL, '2023-04-25 10:17:59', 32);
INSERT INTO `sys_oper_log` (`oper_id`, `title`, `business_type`, `method`, `request_method`, `operator_type`, `oper_name`, `dept_name`, `oper_url`, `oper_ip`, `oper_location`, `oper_param`, `json_result`, `status`, `error_msg`, `oper_time`, `cost_time`) VALUES (154, '字典数据', 1, 'com.ruoyi.web.controller.system.SysDictDataController.add()', 'POST', 1, 'admin', NULL, '/system/dict/data', '127.0.0.1', '内网IP', '{\"createBy\":\"admin\",\"default\":false,\"dictLabel\":\"已完成\",\"dictSort\":2,\"dictType\":\"project_status\",\"dictValue\":\"2\",\"listClass\":\"success\",\"params\":{},\"status\":\"0\"}', '{\"msg\":\"操作成功\",\"code\":200}', 0, NULL, '2023-04-25 10:18:09', 26);
INSERT INTO `sys_oper_log` (`oper_id`, `title`, `business_type`, `method`, `request_method`, `operator_type`, `oper_name`, `dept_name`, `oper_url`, `oper_ip`, `oper_location`, `oper_param`, `json_result`, `status`, `error_msg`, `oper_time`, `cost_time`) VALUES (155, '代码生成', 2, 'com.ruoyi.generator.controller.GenController.editSave()', 'PUT', 1, 'admin', NULL, '/tool/gen', '127.0.0.1', '内网IP', '{\"businessName\":\"bcmsProject\",\"className\":\"BcmsProject\",\"columns\":[{\"capJavaField\":\"Id\",\"columnComment\":\"ID\",\"columnId\":26,\"columnName\":\"id\",\"columnType\":\"bigint\",\"createBy\":\"admin\",\"createTime\":\"2023-04-25 10:11:00\",\"dictType\":\"\",\"edit\":false,\"htmlType\":\"input\",\"increment\":true,\"insert\":true,\"isIncrement\":\"1\",\"isInsert\":\"1\",\"isPk\":\"1\",\"javaField\":\"id\",\"javaType\":\"Long\",\"list\":false,\"params\":{},\"pk\":true,\"query\":false,\"queryType\":\"EQ\",\"required\":false,\"sort\":1,\"superColumn\":false,\"tableId\":3,\"updateBy\":\"\",\"updateTime\":\"2023-04-25 10:16:01\",\"usableColumn\":false},{\"capJavaField\":\"Name\",\"columnComment\":\"项目名称\",\"columnId\":27,\"columnName\":\"name\",\"columnType\":\"varchar(32)\",\"createBy\":\"admin\",\"createTime\":\"2023-04-25 10:11:00\",\"dictType\":\"\",\"edit\":true,\"htmlType\":\"input\",\"increment\":false,\"insert\":true,\"isEdit\":\"1\",\"isIncrement\":\"0\",\"isInsert\":\"1\",\"isList\":\"1\",\"isPk\":\"0\",\"isQuery\":\"1\",\"isRequired\":\"1\",\"javaField\":\"name\",\"javaType\":\"String\",\"list\":true,\"params\":{},\"pk\":false,\"query\":true,\"queryType\":\"LIKE\",\"required\":true,\"sort\":2,\"superColumn\":false,\"tableId\":3,\"updateBy\":\"\",\"updateTime\":\"2023-04-25 10:16:01\",\"usableColumn\":false},{\"capJavaField\":\"CusName\",\"columnComment\":\"客户名称\",\"columnId\":28,\"columnName\":\"cus_name\",\"columnType\":\"varchar(32)\",\"createBy\":\"admin\",\"createTime\":\"2023-04-25 10:11:00\",\"dictType\":\"\",\"edit\":true,\"htmlType\":\"input\",\"increment\":false,\"insert\":true,\"isEdit\":\"1\",\"isIncrement\":\"0\",\"isInsert\":\"1\",\"isList\":\"1\",\"isPk\":\"0\",\"isQuery\":\"1\",\"isRequired\":\"1\",\"javaField\":\"cusName\",\"javaType\":\"String\",\"list\":true,\"params\":{},\"pk\":false,\"query\":true,\"queryType\":\"LIKE\",\"required\":true,\"sort\":3,\"superColumn\":false,\"tableId\":3,\"updateBy\":\"\",\"updateTime\":\"2023-04-25 10:16:01\",\"usableColumn\":false},{\"capJavaField\":\"Manager\",\"columnComment\":\"项目负责人\",\"columnId\":29,\"columnName\":\"manager\",\"columnType\":\"varchar(32)\",\"createBy\":\"admin\",\"createTime\":\"2023-04-25 10:11:00\",\"dictType\":\"\",\"edit\":true,\"htmlType\":\"input\",\"increment\":false,\"insert\":true,\"isEdit\":\"1\",\"isIncrement\":\"0\",', '{\"msg\":\"操作成功\",\"code\":200}', 0, NULL, '2023-04-25 10:18:55', 99);
INSERT INTO `sys_oper_log` (`oper_id`, `title`, `business_type`, `method`, `request_method`, `operator_type`, `oper_name`, `dept_name`, `oper_url`, `oper_ip`, `oper_location`, `oper_param`, `json_result`, `status`, `error_msg`, `oper_time`, `cost_time`) VALUES (156, '代码生成', 8, 'com.ruoyi.generator.controller.GenController.batchGenCode()', 'GET', 1, 'admin', NULL, '/tool/gen/batchGenCode', '127.0.0.1', '内网IP', '{\"tables\":\"bcms_project\"}', NULL, 0, NULL, '2023-04-25 10:19:23', 158);
INSERT INTO `sys_oper_log` (`oper_id`, `title`, `business_type`, `method`, `request_method`, `operator_type`, `oper_name`, `dept_name`, `oper_url`, `oper_ip`, `oper_location`, `oper_param`, `json_result`, `status`, `error_msg`, `oper_time`, `cost_time`) VALUES (157, '代码生成', 2, 'com.ruoyi.generator.controller.GenController.editSave()', 'PUT', 1, 'admin', NULL, '/tool/gen', '127.0.0.1', '内网IP', '{\"businessName\":\"bcmsSalesOrder\",\"className\":\"BcmsSalesOrder\",\"columns\":[{\"capJavaField\":\"Id\",\"columnComment\":\"ID\",\"columnId\":38,\"columnName\":\"id\",\"columnType\":\"bigint\",\"createBy\":\"admin\",\"createTime\":\"2023-04-25 10:11:00\",\"dictType\":\"\",\"edit\":false,\"htmlType\":\"input\",\"increment\":true,\"insert\":true,\"isIncrement\":\"1\",\"isInsert\":\"1\",\"isPk\":\"1\",\"javaField\":\"id\",\"javaType\":\"Long\",\"list\":false,\"params\":{},\"pk\":true,\"query\":false,\"queryType\":\"EQ\",\"required\":false,\"sort\":1,\"superColumn\":false,\"tableId\":4,\"updateBy\":\"\",\"usableColumn\":false},{\"capJavaField\":\"PrijectId\",\"columnComment\":\"项目id\",\"columnId\":39,\"columnName\":\"priject_id\",\"columnType\":\"bigint\",\"createBy\":\"admin\",\"createTime\":\"2023-04-25 10:11:00\",\"dictType\":\"\",\"edit\":true,\"htmlType\":\"input\",\"increment\":false,\"insert\":true,\"isEdit\":\"1\",\"isIncrement\":\"0\",\"isInsert\":\"1\",\"isList\":\"1\",\"isPk\":\"0\",\"isQuery\":\"0\",\"isRequired\":\"1\",\"javaField\":\"prijectId\",\"javaType\":\"Long\",\"list\":true,\"params\":{},\"pk\":false,\"query\":false,\"queryType\":\"EQ\",\"required\":true,\"sort\":2,\"superColumn\":false,\"tableId\":4,\"updateBy\":\"\",\"usableColumn\":false},{\"capJavaField\":\"OrderNum\",\"columnComment\":\"订单号\",\"columnId\":40,\"columnName\":\"order_num\",\"columnType\":\"varchar(32)\",\"createBy\":\"admin\",\"createTime\":\"2023-04-25 10:11:00\",\"dictType\":\"\",\"edit\":true,\"htmlType\":\"input\",\"increment\":false,\"insert\":true,\"isEdit\":\"1\",\"isIncrement\":\"0\",\"isInsert\":\"1\",\"isList\":\"1\",\"isPk\":\"0\",\"isQuery\":\"1\",\"isRequired\":\"1\",\"javaField\":\"orderNum\",\"javaType\":\"String\",\"list\":true,\"params\":{},\"pk\":false,\"query\":true,\"queryType\":\"EQ\",\"required\":true,\"sort\":3,\"superColumn\":true,\"tableId\":4,\"updateBy\":\"\",\"usableColumn\":true},{\"capJavaField\":\"Name\",\"columnComment\":\"项目名称\",\"columnId\":41,\"columnName\":\"name\",\"columnType\":\"varchar(32)\",\"createBy\":\"admin\",\"createTime\":\"2023-04-25 10:11:00\",\"dictType\":\"\",\"edit\":true,\"htmlType\":\"input\",\"increment\":false,\"insert\":true,\"isEdit\":\"1\",\"isIncrement\":\"0\",\"isInsert\":\"1\",\"isList\":\"1\",\"isPk\":\"0\",\"isQuery\":\"1\",\"isRequired\":\"1\",\"javaField\":\"name\",\"javaType\":', '{\"msg\":\"操作成功\",\"code\":200}', 0, NULL, '2023-04-25 10:20:21', 69);
INSERT INTO `sys_oper_log` (`oper_id`, `title`, `business_type`, `method`, `request_method`, `operator_type`, `oper_name`, `dept_name`, `oper_url`, `oper_ip`, `oper_location`, `oper_param`, `json_result`, `status`, `error_msg`, `oper_time`, `cost_time`) VALUES (158, '代码生成', 8, 'com.ruoyi.generator.controller.GenController.batchGenCode()', 'GET', 1, 'admin', NULL, '/tool/gen/batchGenCode', '127.0.0.1', '内网IP', '{\"tables\":\"bcms_sales_order\"}', NULL, 0, NULL, '2023-04-25 10:20:24', 143);
INSERT INTO `sys_oper_log` (`oper_id`, `title`, `business_type`, `method`, `request_method`, `operator_type`, `oper_name`, `dept_name`, `oper_url`, `oper_ip`, `oper_location`, `oper_param`, `json_result`, `status`, `error_msg`, `oper_time`, `cost_time`) VALUES (159, '代码生成', 2, 'com.ruoyi.generator.controller.GenController.editSave()', 'PUT', 1, 'admin', NULL, '/tool/gen', '127.0.0.1', '内网IP', '{\"businessName\":\"bcmsSalesOrderDetail\",\"className\":\"BcmsSalesOrderDetail\",\"columns\":[{\"capJavaField\":\"Id\",\"columnComment\":\"ID\",\"columnId\":48,\"columnName\":\"id\",\"columnType\":\"bigint\",\"createBy\":\"admin\",\"createTime\":\"2023-04-25 10:11:00\",\"dictType\":\"\",\"edit\":false,\"htmlType\":\"input\",\"increment\":true,\"insert\":true,\"isIncrement\":\"1\",\"isInsert\":\"1\",\"isPk\":\"1\",\"javaField\":\"id\",\"javaType\":\"Long\",\"list\":false,\"params\":{},\"pk\":true,\"query\":false,\"queryType\":\"EQ\",\"required\":false,\"sort\":1,\"superColumn\":false,\"tableId\":5,\"updateBy\":\"\",\"usableColumn\":false},{\"capJavaField\":\"PrijectId\",\"columnComment\":\"项目id\",\"columnId\":49,\"columnName\":\"priject_id\",\"columnType\":\"bigint\",\"createBy\":\"admin\",\"createTime\":\"2023-04-25 10:11:00\",\"dictType\":\"\",\"edit\":true,\"htmlType\":\"input\",\"increment\":false,\"insert\":true,\"isEdit\":\"1\",\"isIncrement\":\"0\",\"isInsert\":\"1\",\"isList\":\"1\",\"isPk\":\"0\",\"isQuery\":\"0\",\"isRequired\":\"1\",\"javaField\":\"prijectId\",\"javaType\":\"Long\",\"list\":true,\"params\":{},\"pk\":false,\"query\":false,\"queryType\":\"EQ\",\"required\":true,\"sort\":2,\"superColumn\":false,\"tableId\":5,\"updateBy\":\"\",\"usableColumn\":false},{\"capJavaField\":\"MedicalId\",\"columnComment\":\"药品id\",\"columnId\":50,\"columnName\":\"medical_id\",\"columnType\":\"bigint\",\"createBy\":\"admin\",\"createTime\":\"2023-04-25 10:11:00\",\"dictType\":\"\",\"edit\":true,\"htmlType\":\"input\",\"increment\":false,\"insert\":true,\"isEdit\":\"1\",\"isIncrement\":\"0\",\"isInsert\":\"1\",\"isList\":\"1\",\"isPk\":\"0\",\"isQuery\":\"0\",\"isRequired\":\"1\",\"javaField\":\"medicalId\",\"javaType\":\"Long\",\"list\":true,\"params\":{},\"pk\":false,\"query\":false,\"queryType\":\"EQ\",\"required\":true,\"sort\":3,\"superColumn\":false,\"tableId\":5,\"updateBy\":\"\",\"usableColumn\":false},{\"capJavaField\":\"OrderNum\",\"columnComment\":\"订单号\",\"columnId\":51,\"columnName\":\"order_num\",\"columnType\":\"varchar(32)\",\"createBy\":\"admin\",\"createTime\":\"2023-04-25 10:11:00\",\"dictType\":\"\",\"edit\":true,\"htmlType\":\"input\",\"increment\":false,\"insert\":true,\"isEdit\":\"1\",\"isIncrement\":\"0\",\"isInsert\":\"1\",\"isList\":\"1\",\"isPk\":\"0\",\"isQuery\":\"1\",\"isRequired\":\"1\",\"javaField', '{\"msg\":\"操作成功\",\"code\":200}', 0, NULL, '2023-04-25 10:20:52', 61);
INSERT INTO `sys_oper_log` (`oper_id`, `title`, `business_type`, `method`, `request_method`, `operator_type`, `oper_name`, `dept_name`, `oper_url`, `oper_ip`, `oper_location`, `oper_param`, `json_result`, `status`, `error_msg`, `oper_time`, `cost_time`) VALUES (160, '代码生成', 8, 'com.ruoyi.generator.controller.GenController.batchGenCode()', 'GET', 1, 'admin', NULL, '/tool/gen/batchGenCode', '127.0.0.1', '内网IP', '{\"tables\":\"bcms_sales_order_detail\"}', NULL, 0, NULL, '2023-04-25 10:22:43', 196);
INSERT INTO `sys_oper_log` (`oper_id`, `title`, `business_type`, `method`, `request_method`, `operator_type`, `oper_name`, `dept_name`, `oper_url`, `oper_ip`, `oper_location`, `oper_param`, `json_result`, `status`, `error_msg`, `oper_time`, `cost_time`) VALUES (161, '客户档案', 1, 'com.ruoyi.bcms.controller.BcmsCustomerController.add()', 'POST', 1, 'admin', NULL, '/bcms/bcmsCustomer', '127.0.0.1', '内网IP', '{\"address\":\"北京市朝阳区\",\"bankCard\":\"62300000000000\",\"bankName\":\"中国银行\",\"createTime\":\"2023-04-25 14:28:17\",\"id\":1,\"idCard\":\"53000000000000\",\"mobile\":\"18888888888\",\"name\":\"张三\",\"params\":{},\"remark\":\"星级客户\"}', '{\"msg\":\"操作成功\",\"code\":200}', 0, NULL, '2023-04-25 14:28:17', 258);
INSERT INTO `sys_oper_log` (`oper_id`, `title`, `business_type`, `method`, `request_method`, `operator_type`, `oper_name`, `dept_name`, `oper_url`, `oper_ip`, `oper_location`, `oper_param`, `json_result`, `status`, `error_msg`, `oper_time`, `cost_time`) VALUES (162, '客户档案', 1, 'com.ruoyi.bcms.controller.BcmsCustomerController.add()', 'POST', 1, 'admin', NULL, '/bcms/bcmsCustomer', '127.0.0.1', '内网IP', '{\"address\":\"上海市陆家嘴\",\"bankCard\":\"36573893483948\",\"bankName\":\"建设银行\",\"createTime\":\"2023-04-25 14:28:59\",\"idCard\":\"560344434456754\",\"mobile\":\"177777777777\",\"name\":\"李四\",\"params\":{},\"remark\":\"普通客户\"}', NULL, 1, '\n### Error updating database.  Cause: com.mysql.cj.jdbc.exceptions.MysqlDataTruncation: Data truncation: Data too long for column \'mobile\' at row 1\n### The error may exist in file [/Users/sunzx/Documents/other-project/生物医药企业客户管理信息系统/biomedicine-cms-springboot/ruoyi-bcms/target/classes/mapper/bcms/BcmsCustomerMapper.xml]\n### The error may involve com.ruoyi.bcms.mapper.BcmsCustomerMapper.insertBcmsCustomer-Inline\n### The error occurred while setting parameters\n### SQL: insert into bcms_customer          ( name,             mobile,             id_card,             bank_card,             bank_name,             address,                          create_time,                                       remark )           values ( ?,             ?,             ?,             ?,             ?,             ?,                          ?,                                       ? )\n### Cause: com.mysql.cj.jdbc.exceptions.MysqlDataTruncation: Data truncation: Data too long for column \'mobile\' at row 1\n; Data truncation: Data too long for column \'mobile\' at row 1; nested exception is com.mysql.cj.jdbc.exceptions.MysqlDataTruncation: Data truncation: Data too long for column \'mobile\' at row 1', '2023-04-25 14:28:59', 178);
INSERT INTO `sys_oper_log` (`oper_id`, `title`, `business_type`, `method`, `request_method`, `operator_type`, `oper_name`, `dept_name`, `oper_url`, `oper_ip`, `oper_location`, `oper_param`, `json_result`, `status`, `error_msg`, `oper_time`, `cost_time`) VALUES (163, '客户档案', 1, 'com.ruoyi.bcms.controller.BcmsCustomerController.add()', 'POST', 1, 'admin', NULL, '/bcms/bcmsCustomer', '127.0.0.1', '内网IP', '{\"address\":\"上海市陆家嘴\",\"bankCard\":\"36573893483948\",\"bankName\":\"建设银行\",\"createTime\":\"2023-04-25 14:29:07\",\"id\":2,\"idCard\":\"560344434456754\",\"mobile\":\"17777777777\",\"name\":\"李四\",\"params\":{},\"remark\":\"普通客户\"}', '{\"msg\":\"操作成功\",\"code\":200}', 0, NULL, '2023-04-25 14:29:07', 29);
INSERT INTO `sys_oper_log` (`oper_id`, `title`, `business_type`, `method`, `request_method`, `operator_type`, `oper_name`, `dept_name`, `oper_url`, `oper_ip`, `oper_location`, `oper_param`, `json_result`, `status`, `error_msg`, `oper_time`, `cost_time`) VALUES (164, '药品信息', 1, 'com.ruoyi.bcms.controller.BcmsMedicalController.add()', 'POST', 1, 'admin', NULL, '/bcms/bcmsMedical', '127.0.0.1', '内网IP', '{\"code\":\"qingmeisu\",\"createTime\":\"2023-04-25 16:14:31\",\"name\":\"青霉素\",\"params\":{},\"price\":\"79\",\"prodCompany\":\"国家医药局\",\"sales\":\"10\",\"spce\":\"盒\",\"store\":\"100\"}', NULL, 1, '\n### Error updating database.  Cause: com.mysql.cj.jdbc.exceptions.MysqlDataTruncation: Data truncation: Data too long for column \'store\' at row 1\n### The error may exist in file [/Users/sunzx/Documents/other-project/生物医药企业客户管理信息系统/biomedicine-cms-springboot/ruoyi-bcms/target/classes/mapper/bcms/BcmsMedicalMapper.xml]\n### The error may involve com.ruoyi.bcms.mapper.BcmsMedicalMapper.insertBcmsMedical-Inline\n### The error occurred while setting parameters\n### SQL: insert into bcms_medical          ( name,             code,             spce,             prod_company,             price,             store,             sales,                          create_time )           values ( ?,             ?,             ?,             ?,             ?,             ?,             ?,                          ? )\n### Cause: com.mysql.cj.jdbc.exceptions.MysqlDataTruncation: Data truncation: Data too long for column \'store\' at row 1\n; Data truncation: Data too long for column \'store\' at row 1; nested exception is com.mysql.cj.jdbc.exceptions.MysqlDataTruncation: Data truncation: Data too long for column \'store\' at row 1', '2023-04-25 16:14:31', 152);
INSERT INTO `sys_oper_log` (`oper_id`, `title`, `business_type`, `method`, `request_method`, `operator_type`, `oper_name`, `dept_name`, `oper_url`, `oper_ip`, `oper_location`, `oper_param`, `json_result`, `status`, `error_msg`, `oper_time`, `cost_time`) VALUES (165, '药品信息', 1, 'com.ruoyi.bcms.controller.BcmsMedicalController.add()', 'POST', 1, 'admin', NULL, '/bcms/bcmsMedical', '127.0.0.1', '内网IP', '{\"code\":\"qingmeisu\",\"createTime\":\"2023-04-25 16:14:38\",\"name\":\"青霉素\",\"params\":{},\"price\":\"79\",\"prodCompany\":\"国家医药局\",\"sales\":\"10\",\"spce\":\"盒\",\"store\":\"100\"}', NULL, 1, '\n### Error updating database.  Cause: com.mysql.cj.jdbc.exceptions.MysqlDataTruncation: Data truncation: Data too long for column \'store\' at row 1\n### The error may exist in file [/Users/sunzx/Documents/other-project/生物医药企业客户管理信息系统/biomedicine-cms-springboot/ruoyi-bcms/target/classes/mapper/bcms/BcmsMedicalMapper.xml]\n### The error may involve com.ruoyi.bcms.mapper.BcmsMedicalMapper.insertBcmsMedical-Inline\n### The error occurred while setting parameters\n### SQL: insert into bcms_medical          ( name,             code,             spce,             prod_company,             price,             store,             sales,                          create_time )           values ( ?,             ?,             ?,             ?,             ?,             ?,             ?,                          ? )\n### Cause: com.mysql.cj.jdbc.exceptions.MysqlDataTruncation: Data truncation: Data too long for column \'store\' at row 1\n; Data truncation: Data too long for column \'store\' at row 1; nested exception is com.mysql.cj.jdbc.exceptions.MysqlDataTruncation: Data truncation: Data too long for column \'store\' at row 1', '2023-04-25 16:14:38', 10);
INSERT INTO `sys_oper_log` (`oper_id`, `title`, `business_type`, `method`, `request_method`, `operator_type`, `oper_name`, `dept_name`, `oper_url`, `oper_ip`, `oper_location`, `oper_param`, `json_result`, `status`, `error_msg`, `oper_time`, `cost_time`) VALUES (166, '药品信息', 1, 'com.ruoyi.bcms.controller.BcmsMedicalController.add()', 'POST', 1, 'admin', NULL, '/bcms/bcmsMedical', '127.0.0.1', '内网IP', '{\"code\":\"qingmeisu\",\"createTime\":\"2023-04-25 16:15:14\",\"id\":1,\"name\":\"青霉素\",\"params\":{},\"price\":\"79\",\"prodCompany\":\"国家医药局\",\"sales\":\"10\",\"spce\":\"盒\",\"store\":\"100\"}', '{\"msg\":\"操作成功\",\"code\":200}', 0, NULL, '2023-04-25 16:15:14', 37);
INSERT INTO `sys_oper_log` (`oper_id`, `title`, `business_type`, `method`, `request_method`, `operator_type`, `oper_name`, `dept_name`, `oper_url`, `oper_ip`, `oper_location`, `oper_param`, `json_result`, `status`, `error_msg`, `oper_time`, `cost_time`) VALUES (167, '药品信息', 1, 'com.ruoyi.bcms.controller.BcmsMedicalController.add()', 'POST', 1, 'admin', NULL, '/bcms/bcmsMedical', '127.0.0.1', '内网IP', '{\"code\":\"benzuoxilin\",\"createTime\":\"2023-04-25 16:17:16\",\"id\":2,\"name\":\"苯唑西林\",\"params\":{},\"price\":\"88\",\"prodCompany\":\"国家医药局\",\"sales\":\"20\",\"spce\":\"盒\",\"store\":\"100\"}', '{\"msg\":\"操作成功\",\"code\":200}', 0, NULL, '2023-04-25 16:17:16', 30);
INSERT INTO `sys_oper_log` (`oper_id`, `title`, `business_type`, `method`, `request_method`, `operator_type`, `oper_name`, `dept_name`, `oper_url`, `oper_ip`, `oper_location`, `oper_param`, `json_result`, `status`, `error_msg`, `oper_time`, `cost_time`) VALUES (168, '药品信息', 2, 'com.ruoyi.bcms.controller.BcmsMedicalController.edit()', 'PUT', 1, 'admin', NULL, '/bcms/bcmsMedical', '127.0.0.1', '内网IP', '{\"code\":\"qingmeisu\",\"createBy\":\"\",\"createTime\":\"2023-04-25 16:15:14\",\"id\":1,\"name\":\"青霉素\",\"params\":{},\"price\":\"79\",\"prodCompany\":\"国家医药局\",\"sales\":\"10\",\"spce\":\"袋\",\"store\":\"100\",\"updateBy\":\"\",\"updateTime\":\"2023-04-25 16:17:23\"}', '{\"msg\":\"操作成功\",\"code\":200}', 0, NULL, '2023-04-25 16:17:23', 32);
INSERT INTO `sys_oper_log` (`oper_id`, `title`, `business_type`, `method`, `request_method`, `operator_type`, `oper_name`, `dept_name`, `oper_url`, `oper_ip`, `oper_location`, `oper_param`, `json_result`, `status`, `error_msg`, `oper_time`, `cost_time`) VALUES (169, '药品信息', 1, 'com.ruoyi.bcms.controller.BcmsMedicalController.add()', 'POST', 1, 'admin', NULL, '/bcms/bcmsMedical', '127.0.0.1', '内网IP', '{\"code\":\"amoxilin\",\"createTime\":\"2023-04-25 16:18:15\",\"id\":3,\"name\":\"阿莫西林\",\"params\":{},\"price\":\"97\",\"prodCompany\":\"国家医药局\",\"sales\":\"50\",\"spce\":\"盒\",\"store\":\"100\"}', '{\"msg\":\"操作成功\",\"code\":200}', 0, NULL, '2023-04-25 16:18:15', 25);
INSERT INTO `sys_oper_log` (`oper_id`, `title`, `business_type`, `method`, `request_method`, `operator_type`, `oper_name`, `dept_name`, `oper_url`, `oper_ip`, `oper_location`, `oper_param`, `json_result`, `status`, `error_msg`, `oper_time`, `cost_time`) VALUES (170, '项目信息', 1, 'com.ruoyi.bcms.controller.BcmsProjectController.add()', 'POST', 1, 'admin', NULL, '/bcms/bcmsProject', '127.0.0.1', '内网IP', '{\"content\":\"需要大量药品支援\",\"createTime\":\"2023-04-25 22:23:19\",\"cusName\":\"张三\",\"id\":1,\"manager\":\"王二\",\"name\":\"新冠疫情药物物资\",\"params\":{},\"remark\":\"新冠疫情药物物资\",\"status\":\"0\",\"timePeriod\":\"2023-04-25T14:20:57.000Z\"}', '{\"msg\":\"操作成功\",\"code\":200}', 0, NULL, '2023-04-25 22:23:20', 156);
INSERT INTO `sys_oper_log` (`oper_id`, `title`, `business_type`, `method`, `request_method`, `operator_type`, `oper_name`, `dept_name`, `oper_url`, `oper_ip`, `oper_location`, `oper_param`, `json_result`, `status`, `error_msg`, `oper_time`, `cost_time`) VALUES (171, '项目信息', 2, 'com.ruoyi.bcms.controller.BcmsProjectController.edit()', 'PUT', 1, 'admin', NULL, '/bcms/bcmsProject', '127.0.0.1', '内网IP', '{\"content\":\"需要大量药品支援\",\"createBy\":\"\",\"createTime\":\"2023-04-25 22:23:20\",\"cusName\":\"张三\",\"id\":1,\"manager\":\"王二\",\"name\":\"新冠疫情药物物资\",\"params\":{},\"remark\":\"新冠疫情药物物资\",\"status\":\"0\",\"timePeriod\":\"2023-04-25 22:28:35\",\"updateBy\":\"\",\"updateTime\":\"2023-04-25 22:28:36\"}', '{\"msg\":\"操作成功\",\"code\":200}', 0, NULL, '2023-04-25 22:28:36', 35);
INSERT INTO `sys_oper_log` (`oper_id`, `title`, `business_type`, `method`, `request_method`, `operator_type`, `oper_name`, `dept_name`, `oper_url`, `oper_ip`, `oper_location`, `oper_param`, `json_result`, `status`, `error_msg`, `oper_time`, `cost_time`) VALUES (172, '销售订单', 1, 'com.ruoyi.bcms.controller.BcmsSalesOrderController.add()', 'POST', 1, 'admin', NULL, '/bcms/bcmsSalesOrder', '127.0.0.1', '内网IP', '{\"createTime\":\"2023-04-26 11:28:04\",\"id\":1,\"name\":\"新冠疫情药物物资\",\"orderNum\":\"14d5d2f3717547598d7119da4cb5c7a9\",\"params\":{},\"prijectId\":1,\"salesOrderDetailList\":[{\"createTime\":\"2023-04-26 11:28:04\",\"id\":1,\"medicalId\":1,\"orderNum\":\"14d5d2f3717547598d7119da4cb5c7a9\",\"params\":{},\"prijectId\":1,\"quantity\":10,\"totalPrice\":790,\"unitPrice\":0},{\"createTime\":\"2023-04-26 11:28:04\",\"id\":2,\"medicalId\":2,\"orderNum\":\"14d5d2f3717547598d7119da4cb5c7a9\",\"params\":{},\"prijectId\":1,\"quantity\":20,\"totalPrice\":1760,\"unitPrice\":0}],\"totalPrice\":0}', '{\"msg\":\"操作成功\",\"code\":200}', 0, NULL, '2023-04-26 11:28:04', 230);
INSERT INTO `sys_oper_log` (`oper_id`, `title`, `business_type`, `method`, `request_method`, `operator_type`, `oper_name`, `dept_name`, `oper_url`, `oper_ip`, `oper_location`, `oper_param`, `json_result`, `status`, `error_msg`, `oper_time`, `cost_time`) VALUES (173, '菜单管理', 2, 'com.ruoyi.web.controller.system.SysMenuController.edit()', 'PUT', 1, 'admin', NULL, '/system/menu', '127.0.0.1', '内网IP', '{\"children\":[],\"component\":\"bcms/bcmsSalesOrderDetail/index\",\"createTime\":\"2023-04-25 10:29:14\",\"icon\":\"#\",\"isCache\":\"0\",\"isFrame\":\"1\",\"menuId\":2050,\"menuName\":\"销售订单明细\",\"menuType\":\"C\",\"orderNum\":1,\"params\":{},\"parentId\":2025,\"path\":\"bcmsSalesOrderDetail\",\"perms\":\"bcms:bcmsSalesOrderDetail:list\",\"status\":\"0\",\"updateBy\":\"admin\",\"visible\":\"1\"}', '{\"msg\":\"操作成功\",\"code\":200}', 0, NULL, '2023-04-26 11:41:03', 56);
INSERT INTO `sys_oper_log` (`oper_id`, `title`, `business_type`, `method`, `request_method`, `operator_type`, `oper_name`, `dept_name`, `oper_url`, `oper_ip`, `oper_location`, `oper_param`, `json_result`, `status`, `error_msg`, `oper_time`, `cost_time`) VALUES (174, '项目信息', 2, 'com.ruoyi.bcms.controller.BcmsProjectController.edit()', 'PUT', 1, 'admin', NULL, '/bcms/bcmsProject', '127.0.0.1', '内网IP', '{\"content\":\"需要大量药品支援\",\"createBy\":\"\",\"createTime\":\"2023-04-25 22:23:20\",\"cusName\":\"张三\",\"id\":2,\"manager\":\"王二\",\"name\":\"新冠疫情药物物资1\",\"params\":{},\"remark\":\"新冠疫情药物物资\",\"status\":\"1\",\"timePeriod\":\"2023-04-25 22:28:35\",\"updateBy\":\"\",\"updateTime\":\"2023-04-26 17:26:21\"}', '{\"msg\":\"操作成功\",\"code\":200}', 0, NULL, '2023-04-26 17:26:21', 72);
INSERT INTO `sys_oper_log` (`oper_id`, `title`, `business_type`, `method`, `request_method`, `operator_type`, `oper_name`, `dept_name`, `oper_url`, `oper_ip`, `oper_location`, `oper_param`, `json_result`, `status`, `error_msg`, `oper_time`, `cost_time`) VALUES (175, '项目信息', 2, 'com.ruoyi.bcms.controller.BcmsProjectController.edit()', 'PUT', 1, 'admin', NULL, '/bcms/bcmsProject', '127.0.0.1', '内网IP', '{\"content\":\"需要大量药品支援\",\"createBy\":\"\",\"createTime\":\"2023-04-25 22:23:20\",\"cusName\":\"张三\",\"id\":3,\"manager\":\"王二\",\"name\":\"新冠疫情药物物资2\",\"params\":{},\"remark\":\"新冠疫情药物物资\",\"status\":\"2\",\"timePeriod\":\"2023-04-25 22:28:35\",\"updateBy\":\"\",\"updateTime\":\"2023-04-26 17:26:24\"}', '{\"msg\":\"操作成功\",\"code\":200}', 0, NULL, '2023-04-26 17:26:24', 7);
INSERT INTO `sys_oper_log` (`oper_id`, `title`, `business_type`, `method`, `request_method`, `operator_type`, `oper_name`, `dept_name`, `oper_url`, `oper_ip`, `oper_location`, `oper_param`, `json_result`, `status`, `error_msg`, `oper_time`, `cost_time`) VALUES (176, '项目信息', 2, 'com.ruoyi.bcms.controller.BcmsProjectController.edit()', 'PUT', 1, 'admin', NULL, '/bcms/bcmsProject', '127.0.0.1', '内网IP', '{\"content\":\"需要大量药品支援\",\"createBy\":\"\",\"createTime\":\"2023-04-25 22:23:20\",\"cusName\":\"张三\",\"id\":4,\"manager\":\"王二\",\"name\":\"新冠疫情药物物资3\",\"params\":{},\"remark\":\"新冠疫情药物物资\",\"status\":\"1\",\"timePeriod\":\"2023-04-25 22:28:35\",\"updateBy\":\"\",\"updateTime\":\"2023-04-26 17:26:29\"}', '{\"msg\":\"操作成功\",\"code\":200}', 0, NULL, '2023-04-26 17:26:29', 15);
INSERT INTO `sys_oper_log` (`oper_id`, `title`, `business_type`, `method`, `request_method`, `operator_type`, `oper_name`, `dept_name`, `oper_url`, `oper_ip`, `oper_location`, `oper_param`, `json_result`, `status`, `error_msg`, `oper_time`, `cost_time`) VALUES (177, '项目信息', 2, 'com.ruoyi.bcms.controller.BcmsProjectController.edit()', 'PUT', 1, 'admin', NULL, '/bcms/bcmsProject', '127.0.0.1', '内网IP', '{\"content\":\"需要大量药品支援\",\"createBy\":\"\",\"createTime\":\"2023-04-25 22:23:20\",\"cusName\":\"张三\",\"id\":5,\"manager\":\"王二\",\"name\":\"新冠疫情药物物资4\",\"params\":{},\"remark\":\"新冠疫情药物物资\",\"status\":\"1\",\"timePeriod\":\"2023-04-25 22:28:35\",\"updateBy\":\"\",\"updateTime\":\"2023-04-26 17:26:37\"}', '{\"msg\":\"操作成功\",\"code\":200}', 0, NULL, '2023-04-26 17:26:37', 15);
INSERT INTO `sys_oper_log` (`oper_id`, `title`, `business_type`, `method`, `request_method`, `operator_type`, `oper_name`, `dept_name`, `oper_url`, `oper_ip`, `oper_location`, `oper_param`, `json_result`, `status`, `error_msg`, `oper_time`, `cost_time`) VALUES (178, '销售订单', 1, 'com.ruoyi.bcms.controller.BcmsSalesOrderController.add()', 'POST', 1, 'admin', NULL, '/bcms/bcmsSalesOrder', '127.0.0.1', '内网IP', '{\"createTime\":\"2023-04-26 17:26:54\",\"id\":2,\"name\":\"新冠疫情药物物资1\",\"orderNum\":\"25ec3947a89b4c438d40d3b9c63ca72c\",\"params\":{},\"projectId\":2,\"salesOrderDetailList\":[{\"createTime\":\"2023-04-26 17:26:54\",\"id\":3,\"medicalId\":3,\"orderNum\":\"25ec3947a89b4c438d40d3b9c63ca72c\",\"params\":{},\"projectId\":2,\"quantity\":1,\"totalPrice\":97,\"unitPrice\":97},{\"createTime\":\"2023-04-26 17:26:54\",\"id\":4,\"medicalId\":2,\"orderNum\":\"25ec3947a89b4c438d40d3b9c63ca72c\",\"params\":{},\"projectId\":2,\"quantity\":1,\"totalPrice\":88,\"unitPrice\":88}],\"totalPrice\":185}', '{\"msg\":\"操作成功\",\"code\":200}', 0, NULL, '2023-04-26 17:26:54', 138);
INSERT INTO `sys_oper_log` (`oper_id`, `title`, `business_type`, `method`, `request_method`, `operator_type`, `oper_name`, `dept_name`, `oper_url`, `oper_ip`, `oper_location`, `oper_param`, `json_result`, `status`, `error_msg`, `oper_time`, `cost_time`) VALUES (179, '销售订单', 1, 'com.ruoyi.bcms.controller.BcmsSalesOrderController.add()', 'POST', 1, 'admin', NULL, '/bcms/bcmsSalesOrder', '127.0.0.1', '内网IP', '{\"createTime\":\"2023-04-26 17:27:57\",\"id\":3,\"name\":\"新冠疫情药物物资3\",\"orderNum\":\"adad931dcfd44d5ba205ce15fc5962ca\",\"params\":{},\"projectId\":4,\"salesOrderDetailList\":[{\"createTime\":\"2023-04-26 17:27:57\",\"id\":5,\"medicalId\":1,\"orderNum\":\"adad931dcfd44d5ba205ce15fc5962ca\",\"params\":{},\"projectId\":4,\"quantity\":4,\"totalPrice\":316,\"unitPrice\":79},{\"createTime\":\"2023-04-26 17:27:57\",\"id\":6,\"medicalId\":2,\"orderNum\":\"adad931dcfd44d5ba205ce15fc5962ca\",\"params\":{},\"projectId\":4,\"quantity\":3,\"totalPrice\":264,\"unitPrice\":88},{\"createTime\":\"2023-04-26 17:27:57\",\"id\":7,\"medicalId\":3,\"orderNum\":\"adad931dcfd44d5ba205ce15fc5962ca\",\"params\":{},\"projectId\":4,\"quantity\":6,\"totalPrice\":582,\"unitPrice\":97}],\"totalPrice\":1162}', '{\"msg\":\"操作成功\",\"code\":200}', 0, NULL, '2023-04-26 17:27:57', 74);
INSERT INTO `sys_oper_log` (`oper_id`, `title`, `business_type`, `method`, `request_method`, `operator_type`, `oper_name`, `dept_name`, `oper_url`, `oper_ip`, `oper_location`, `oper_param`, `json_result`, `status`, `error_msg`, `oper_time`, `cost_time`) VALUES (180, '客户档案', 2, 'com.ruoyi.bcms.controller.BcmsCustomerController.edit()', 'PUT', 1, 'admin', NULL, '/bcms/bcmsCustomer', '127.0.0.1', '内网IP', '{\"address\":\"北京市朝阳区\",\"bankCard\":\"62300000000000\",\"bankName\":\"中国银行\",\"createBy\":\"\",\"createTime\":\"2023-04-25 14:28:17\",\"id\":1,\"idCard\":\"53000000000000\",\"mobile\":\"18888888888\",\"name\":\"张三\",\"params\":{},\"remark\":\"星级客户\",\"updateBy\":\"\",\"updateTime\":\"2023-04-26 19:25:57\"}', '{\"msg\":\"操作成功\",\"code\":200}', 0, NULL, '2023-04-26 19:25:57', 34);
INSERT INTO `sys_oper_log` (`oper_id`, `title`, `business_type`, `method`, `request_method`, `operator_type`, `oper_name`, `dept_name`, `oper_url`, `oper_ip`, `oper_location`, `oper_param`, `json_result`, `status`, `error_msg`, `oper_time`, `cost_time`) VALUES (181, '菜单管理', 2, 'com.ruoyi.web.controller.system.SysMenuController.edit()', 'PUT', 1, 'admin', NULL, '/system/menu', '127.0.0.1', '内网IP', '{\"children\":[],\"createTime\":\"2023-04-20 19:54:30\",\"icon\":\"tool\",\"isCache\":\"0\",\"isFrame\":\"1\",\"menuId\":3,\"menuName\":\"系统工具\",\"menuType\":\"M\",\"orderNum\":3,\"params\":{},\"parentId\":0,\"path\":\"tool\",\"perms\":\"\",\"query\":\"\",\"status\":\"1\",\"updateBy\":\"admin\",\"visible\":\"0\"}', '{\"msg\":\"操作成功\",\"code\":200}', 0, NULL, '2023-04-26 19:29:52', 59);
INSERT INTO `sys_oper_log` (`oper_id`, `title`, `business_type`, `method`, `request_method`, `operator_type`, `oper_name`, `dept_name`, `oper_url`, `oper_ip`, `oper_location`, `oper_param`, `json_result`, `status`, `error_msg`, `oper_time`, `cost_time`) VALUES (182, '菜单管理', 2, 'com.ruoyi.web.controller.system.SysMenuController.edit()', 'PUT', 1, 'admin', NULL, '/system/menu', '127.0.0.1', '内网IP', '{\"children\":[],\"createTime\":\"2023-04-20 19:54:30\",\"icon\":\"tool\",\"isCache\":\"0\",\"isFrame\":\"1\",\"menuId\":3,\"menuName\":\"系统工具\",\"menuType\":\"M\",\"orderNum\":3,\"params\":{},\"parentId\":0,\"path\":\"tool\",\"perms\":\"\",\"query\":\"\",\"status\":\"0\",\"updateBy\":\"admin\",\"visible\":\"0\"}', '{\"msg\":\"操作成功\",\"code\":200}', 0, NULL, '2023-04-26 20:23:39', 66);
INSERT INTO `sys_oper_log` (`oper_id`, `title`, `business_type`, `method`, `request_method`, `operator_type`, `oper_name`, `dept_name`, `oper_url`, `oper_ip`, `oper_location`, `oper_param`, `json_result`, `status`, `error_msg`, `oper_time`, `cost_time`) VALUES (183, '菜单管理', 1, 'com.ruoyi.web.controller.system.SysMenuController.add()', 'POST', 1, 'admin', NULL, '/system/menu', '127.0.0.1', '内网IP', '{\"children\":[],\"createBy\":\"admin\",\"icon\":\"component\",\"isCache\":\"0\",\"isFrame\":\"1\",\"menuName\":\"CSRUP管理\",\"menuType\":\"M\",\"orderNum\":0,\"params\":{},\"parentId\":0,\"path\":\"csrup\",\"status\":\"0\",\"visible\":\"0\"}', '{\"msg\":\"操作成功\",\"code\":200}', 0, NULL, '2023-04-26 20:24:50', 43);
INSERT INTO `sys_oper_log` (`oper_id`, `title`, `business_type`, `method`, `request_method`, `operator_type`, `oper_name`, `dept_name`, `oper_url`, `oper_ip`, `oper_location`, `oper_param`, `json_result`, `status`, `error_msg`, `oper_time`, `cost_time`) VALUES (184, '角色管理', 1, 'com.ruoyi.web.controller.system.SysRoleController.add()', 'POST', 1, 'admin', NULL, '/system/role', '127.0.0.1', '内网IP', '{\"admin\":false,\"createBy\":\"admin\",\"deptCheckStrictly\":true,\"deptIds\":[],\"flag\":false,\"menuCheckStrictly\":true,\"menuIds\":[],\"params\":{},\"roleId\":100,\"roleKey\":\"written\",\"roleName\":\"公司填写员\",\"roleSort\":0,\"status\":\"0\"}', '{\"msg\":\"操作成功\",\"code\":200}', 0, NULL, '2023-04-26 20:26:32', 92);
INSERT INTO `sys_oper_log` (`oper_id`, `title`, `business_type`, `method`, `request_method`, `operator_type`, `oper_name`, `dept_name`, `oper_url`, `oper_ip`, `oper_location`, `oper_param`, `json_result`, `status`, `error_msg`, `oper_time`, `cost_time`) VALUES (185, '角色管理', 1, 'com.ruoyi.web.controller.system.SysRoleController.add()', 'POST', 1, 'admin', NULL, '/system/role', '127.0.0.1', '内网IP', '{\"admin\":false,\"createBy\":\"admin\",\"deptCheckStrictly\":true,\"deptIds\":[],\"flag\":false,\"menuCheckStrictly\":true,\"menuIds\":[],\"params\":{},\"roleId\":101,\"roleKey\":\"verify\",\"roleName\":\"审核员\",\"roleSort\":2,\"status\":\"0\"}', '{\"msg\":\"操作成功\",\"code\":200}', 0, NULL, '2023-04-26 20:26:49', 47);
INSERT INTO `sys_oper_log` (`oper_id`, `title`, `business_type`, `method`, `request_method`, `operator_type`, `oper_name`, `dept_name`, `oper_url`, `oper_ip`, `oper_location`, `oper_param`, `json_result`, `status`, `error_msg`, `oper_time`, `cost_time`) VALUES (186, '角色管理', 2, 'com.ruoyi.web.controller.system.SysRoleController.edit()', 'PUT', 1, 'admin', NULL, '/system/role', '127.0.0.1', '内网IP', '{\"admin\":false,\"createTime\":\"2023-04-26 20:26:32\",\"dataScope\":\"1\",\"delFlag\":\"0\",\"deptCheckStrictly\":true,\"flag\":false,\"menuCheckStrictly\":true,\"menuIds\":[],\"params\":{},\"roleId\":100,\"roleKey\":\"written\",\"roleName\":\"公司填写员\",\"roleSort\":1,\"status\":\"0\",\"updateBy\":\"admin\"}', '{\"msg\":\"操作成功\",\"code\":200}', 0, NULL, '2023-04-26 20:26:53', 58);
INSERT INTO `sys_oper_log` (`oper_id`, `title`, `business_type`, `method`, `request_method`, `operator_type`, `oper_name`, `dept_name`, `oper_url`, `oper_ip`, `oper_location`, `oper_param`, `json_result`, `status`, `error_msg`, `oper_time`, `cost_time`) VALUES (187, '角色管理', 2, 'com.ruoyi.web.controller.system.SysRoleController.edit()', 'PUT', 1, 'admin', NULL, '/system/role', '127.0.0.1', '内网IP', '{\"admin\":false,\"createTime\":\"2023-04-26 20:26:32\",\"dataScope\":\"1\",\"delFlag\":\"0\",\"deptCheckStrictly\":true,\"flag\":false,\"menuCheckStrictly\":true,\"menuIds\":[],\"params\":{},\"roleId\":100,\"roleKey\":\"written\",\"roleName\":\"公司填写员\",\"roleSort\":2,\"status\":\"0\",\"updateBy\":\"admin\"}', '{\"msg\":\"操作成功\",\"code\":200}', 0, NULL, '2023-04-26 20:26:59', 35);
INSERT INTO `sys_oper_log` (`oper_id`, `title`, `business_type`, `method`, `request_method`, `operator_type`, `oper_name`, `dept_name`, `oper_url`, `oper_ip`, `oper_location`, `oper_param`, `json_result`, `status`, `error_msg`, `oper_time`, `cost_time`) VALUES (188, '角色管理', 2, 'com.ruoyi.web.controller.system.SysRoleController.edit()', 'PUT', 1, 'admin', NULL, '/system/role', '127.0.0.1', '内网IP', '{\"admin\":false,\"createTime\":\"2023-04-26 20:26:49\",\"dataScope\":\"1\",\"delFlag\":\"0\",\"deptCheckStrictly\":true,\"flag\":false,\"menuCheckStrictly\":true,\"menuIds\":[],\"params\":{},\"roleId\":101,\"roleKey\":\"verify\",\"roleName\":\"审核员\",\"roleSort\":3,\"status\":\"0\",\"updateBy\":\"admin\"}', '{\"msg\":\"操作成功\",\"code\":200}', 0, NULL, '2023-04-26 20:27:02', 50);
INSERT INTO `sys_oper_log` (`oper_id`, `title`, `business_type`, `method`, `request_method`, `operator_type`, `oper_name`, `dept_name`, `oper_url`, `oper_ip`, `oper_location`, `oper_param`, `json_result`, `status`, `error_msg`, `oper_time`, `cost_time`) VALUES (189, '代码生成', 6, 'com.ruoyi.generator.controller.GenController.importTableSave()', 'POST', 1, 'admin', NULL, '/tool/gen/importTable', '127.0.0.1', '内网IP', '{\"tables\":\"csurp_index,csurp_company\"}', '{\"msg\":\"操作成功\",\"code\":200}', 0, NULL, '2023-04-26 22:20:08', 177);
INSERT INTO `sys_oper_log` (`oper_id`, `title`, `business_type`, `method`, `request_method`, `operator_type`, `oper_name`, `dept_name`, `oper_url`, `oper_ip`, `oper_location`, `oper_param`, `json_result`, `status`, `error_msg`, `oper_time`, `cost_time`) VALUES (190, '字典类型', 1, 'com.ruoyi.web.controller.system.SysDictTypeController.add()', 'POST', 1, 'admin', NULL, '/system/dict/type', '127.0.0.1', '内网IP', '{\"createBy\":\"admin\",\"dictName\":\"公司状态\",\"dictType\":\"company_status\",\"params\":{},\"status\":\"0\"}', '{\"msg\":\"操作成功\",\"code\":200}', 0, NULL, '2023-04-26 22:21:50', 49);
INSERT INTO `sys_oper_log` (`oper_id`, `title`, `business_type`, `method`, `request_method`, `operator_type`, `oper_name`, `dept_name`, `oper_url`, `oper_ip`, `oper_location`, `oper_param`, `json_result`, `status`, `error_msg`, `oper_time`, `cost_time`) VALUES (191, '字典类型', 3, 'com.ruoyi.web.controller.system.SysDictTypeController.remove()', 'DELETE', 1, 'admin', NULL, '/system/dict/type/100', '127.0.0.1', '内网IP', '{}', NULL, 1, '项目状态已分配,不能删除', '2023-04-26 22:21:57', 23);
INSERT INTO `sys_oper_log` (`oper_id`, `title`, `business_type`, `method`, `request_method`, `operator_type`, `oper_name`, `dept_name`, `oper_url`, `oper_ip`, `oper_location`, `oper_param`, `json_result`, `status`, `error_msg`, `oper_time`, `cost_time`) VALUES (192, '字典类型', 3, 'com.ruoyi.web.controller.system.SysDictTypeController.remove()', 'DELETE', 1, 'admin', NULL, '/system/dict/type/101', '127.0.0.1', '内网IP', '{}', '{\"msg\":\"操作成功\",\"code\":200}', 0, NULL, '2023-04-26 22:22:08', 33);
INSERT INTO `sys_oper_log` (`oper_id`, `title`, `business_type`, `method`, `request_method`, `operator_type`, `oper_name`, `dept_name`, `oper_url`, `oper_ip`, `oper_location`, `oper_param`, `json_result`, `status`, `error_msg`, `oper_time`, `cost_time`) VALUES (193, '字典类型', 2, 'com.ruoyi.web.controller.system.SysDictTypeController.edit()', 'PUT', 1, 'admin', NULL, '/system/dict/type', '127.0.0.1', '内网IP', '{\"createBy\":\"admin\",\"createTime\":\"2023-04-25 10:17:26\",\"dictId\":100,\"dictName\":\"公司状态\",\"dictType\":\"company_status\",\"params\":{},\"status\":\"0\",\"updateBy\":\"admin\"}', '{\"msg\":\"操作成功\",\"code\":200}', 0, NULL, '2023-04-26 22:22:16', 45);
INSERT INTO `sys_oper_log` (`oper_id`, `title`, `business_type`, `method`, `request_method`, `operator_type`, `oper_name`, `dept_name`, `oper_url`, `oper_ip`, `oper_location`, `oper_param`, `json_result`, `status`, `error_msg`, `oper_time`, `cost_time`) VALUES (194, '字典数据', 2, 'com.ruoyi.web.controller.system.SysDictDataController.edit()', 'PUT', 1, 'admin', NULL, '/system/dict/data', '127.0.0.1', '内网IP', '{\"createBy\":\"admin\",\"createTime\":\"2023-04-25 10:17:44\",\"default\":false,\"dictCode\":100,\"dictLabel\":\"待审核\",\"dictSort\":0,\"dictType\":\"company_status\",\"dictValue\":\"0\",\"isDefault\":\"N\",\"listClass\":\"primary\",\"params\":{},\"status\":\"0\",\"updateBy\":\"admin\"}', '{\"msg\":\"操作成功\",\"code\":200}', 0, NULL, '2023-04-26 22:22:34', 21);
INSERT INTO `sys_oper_log` (`oper_id`, `title`, `business_type`, `method`, `request_method`, `operator_type`, `oper_name`, `dept_name`, `oper_url`, `oper_ip`, `oper_location`, `oper_param`, `json_result`, `status`, `error_msg`, `oper_time`, `cost_time`) VALUES (195, '字典数据', 2, 'com.ruoyi.web.controller.system.SysDictDataController.edit()', 'PUT', 1, 'admin', NULL, '/system/dict/data', '127.0.0.1', '内网IP', '{\"createBy\":\"admin\",\"createTime\":\"2023-04-25 10:17:59\",\"default\":false,\"dictCode\":101,\"dictLabel\":\"审核中\",\"dictSort\":1,\"dictType\":\"company_status\",\"dictValue\":\"1\",\"isDefault\":\"N\",\"listClass\":\"danger\",\"params\":{},\"status\":\"0\",\"updateBy\":\"admin\"}', '{\"msg\":\"操作成功\",\"code\":200}', 0, NULL, '2023-04-26 22:22:51', 35);
INSERT INTO `sys_oper_log` (`oper_id`, `title`, `business_type`, `method`, `request_method`, `operator_type`, `oper_name`, `dept_name`, `oper_url`, `oper_ip`, `oper_location`, `oper_param`, `json_result`, `status`, `error_msg`, `oper_time`, `cost_time`) VALUES (196, '字典数据', 2, 'com.ruoyi.web.controller.system.SysDictDataController.edit()', 'PUT', 1, 'admin', NULL, '/system/dict/data', '127.0.0.1', '内网IP', '{\"createBy\":\"admin\",\"createTime\":\"2023-04-25 10:18:08\",\"default\":false,\"dictCode\":102,\"dictLabel\":\"已审核\",\"dictSort\":2,\"dictType\":\"company_status\",\"dictValue\":\"2\",\"isDefault\":\"N\",\"listClass\":\"success\",\"params\":{},\"status\":\"0\",\"updateBy\":\"admin\"}', '{\"msg\":\"操作成功\",\"code\":200}', 0, NULL, '2023-04-26 22:23:01', 30);
INSERT INTO `sys_oper_log` (`oper_id`, `title`, `business_type`, `method`, `request_method`, `operator_type`, `oper_name`, `dept_name`, `oper_url`, `oper_ip`, `oper_location`, `oper_param`, `json_result`, `status`, `error_msg`, `oper_time`, `cost_time`) VALUES (197, '字典类型', 1, 'com.ruoyi.web.controller.system.SysDictTypeController.add()', 'POST', 1, 'admin', NULL, '/system/dict/type', '127.0.0.1', '内网IP', '{\"createBy\":\"admin\",\"dictName\":\"性质\",\"dictType\":\"quality_type\",\"params\":{},\"status\":\"0\"}', '{\"msg\":\"操作成功\",\"code\":200}', 0, NULL, '2023-04-26 22:23:50', 26);
INSERT INTO `sys_oper_log` (`oper_id`, `title`, `business_type`, `method`, `request_method`, `operator_type`, `oper_name`, `dept_name`, `oper_url`, `oper_ip`, `oper_location`, `oper_param`, `json_result`, `status`, `error_msg`, `oper_time`, `cost_time`) VALUES (198, '字典数据', 1, 'com.ruoyi.web.controller.system.SysDictDataController.add()', 'POST', 1, 'admin', NULL, '/system/dict/data', '127.0.0.1', '内网IP', '{\"createBy\":\"admin\",\"default\":false,\"dictLabel\":\"定性\",\"dictSort\":0,\"dictType\":\"quality_type\",\"dictValue\":\"0\",\"listClass\":\"default\",\"params\":{},\"status\":\"0\"}', '{\"msg\":\"操作成功\",\"code\":200}', 0, NULL, '2023-04-26 22:24:25', 42);
INSERT INTO `sys_oper_log` (`oper_id`, `title`, `business_type`, `method`, `request_method`, `operator_type`, `oper_name`, `dept_name`, `oper_url`, `oper_ip`, `oper_location`, `oper_param`, `json_result`, `status`, `error_msg`, `oper_time`, `cost_time`) VALUES (199, '字典数据', 1, 'com.ruoyi.web.controller.system.SysDictDataController.add()', 'POST', 1, 'admin', NULL, '/system/dict/data', '127.0.0.1', '内网IP', '{\"createBy\":\"admin\",\"default\":false,\"dictLabel\":\"定量\",\"dictSort\":1,\"dictType\":\"quality_type\",\"dictValue\":\"1\",\"listClass\":\"default\",\"params\":{},\"status\":\"0\"}', '{\"msg\":\"操作成功\",\"code\":200}', 0, NULL, '2023-04-26 22:24:38', 33);
INSERT INTO `sys_oper_log` (`oper_id`, `title`, `business_type`, `method`, `request_method`, `operator_type`, `oper_name`, `dept_name`, `oper_url`, `oper_ip`, `oper_location`, `oper_param`, `json_result`, `status`, `error_msg`, `oper_time`, `cost_time`) VALUES (200, '字典类型', 1, 'com.ruoyi.web.controller.system.SysDictTypeController.add()', 'POST', 1, 'admin', NULL, '/system/dict/type', '127.0.0.1', '内网IP', '{\"createBy\":\"admin\",\"dictName\":\"所属行业\",\"dictType\":\"industry_type\",\"params\":{},\"status\":\"0\"}', '{\"msg\":\"操作成功\",\"code\":200}', 0, NULL, '2023-04-26 22:29:01', 55);
INSERT INTO `sys_oper_log` (`oper_id`, `title`, `business_type`, `method`, `request_method`, `operator_type`, `oper_name`, `dept_name`, `oper_url`, `oper_ip`, `oper_location`, `oper_param`, `json_result`, `status`, `error_msg`, `oper_time`, `cost_time`) VALUES (201, '字典数据', 1, 'com.ruoyi.web.controller.system.SysDictDataController.add()', 'POST', 1, 'admin', NULL, '/system/dict/data', '127.0.0.1', '内网IP', '{\"createBy\":\"admin\",\"default\":false,\"dictLabel\":\"农、林、牧、渔业\",\"dictSort\":0,\"dictType\":\"industry_type\",\"dictValue\":\"0\",\"listClass\":\"default\",\"params\":{},\"status\":\"0\"}', '{\"msg\":\"操作成功\",\"code\":200}', 0, NULL, '2023-04-26 22:30:18', 49);
INSERT INTO `sys_oper_log` (`oper_id`, `title`, `business_type`, `method`, `request_method`, `operator_type`, `oper_name`, `dept_name`, `oper_url`, `oper_ip`, `oper_location`, `oper_param`, `json_result`, `status`, `error_msg`, `oper_time`, `cost_time`) VALUES (202, '字典数据', 1, 'com.ruoyi.web.controller.system.SysDictDataController.add()', 'POST', 1, 'admin', NULL, '/system/dict/data', '127.0.0.1', '内网IP', '{\"createBy\":\"admin\",\"default\":false,\"dictLabel\":\"采矿业\",\"dictSort\":1,\"dictType\":\"industry_type\",\"dictValue\":\"1\",\"listClass\":\"default\",\"params\":{},\"status\":\"0\"}', '{\"msg\":\"操作成功\",\"code\":200}', 0, NULL, '2023-04-26 22:30:31', 33);
INSERT INTO `sys_oper_log` (`oper_id`, `title`, `business_type`, `method`, `request_method`, `operator_type`, `oper_name`, `dept_name`, `oper_url`, `oper_ip`, `oper_location`, `oper_param`, `json_result`, `status`, `error_msg`, `oper_time`, `cost_time`) VALUES (203, '字典数据', 1, 'com.ruoyi.web.controller.system.SysDictDataController.add()', 'POST', 1, 'admin', NULL, '/system/dict/data', '127.0.0.1', '内网IP', '{\"createBy\":\"admin\",\"default\":false,\"dictLabel\":\"制造业\",\"dictSort\":2,\"dictType\":\"industry_type\",\"dictValue\":\"2\",\"listClass\":\"default\",\"params\":{},\"status\":\"0\"}', '{\"msg\":\"操作成功\",\"code\":200}', 0, NULL, '2023-04-26 22:30:42', 50);
INSERT INTO `sys_oper_log` (`oper_id`, `title`, `business_type`, `method`, `request_method`, `operator_type`, `oper_name`, `dept_name`, `oper_url`, `oper_ip`, `oper_location`, `oper_param`, `json_result`, `status`, `error_msg`, `oper_time`, `cost_time`) VALUES (204, '字典数据', 1, 'com.ruoyi.web.controller.system.SysDictDataController.add()', 'POST', 1, 'admin', NULL, '/system/dict/data', '127.0.0.1', '内网IP', '{\"createBy\":\"admin\",\"default\":false,\"dictLabel\":\"电力、热力、燃气及水的生产和供应业\",\"dictSort\":3,\"dictType\":\"industry_type\",\"dictValue\":\"3\",\"listClass\":\"default\",\"params\":{},\"status\":\"0\"}', '{\"msg\":\"操作成功\",\"code\":200}', 0, NULL, '2023-04-26 22:30:58', 17);
INSERT INTO `sys_oper_log` (`oper_id`, `title`, `business_type`, `method`, `request_method`, `operator_type`, `oper_name`, `dept_name`, `oper_url`, `oper_ip`, `oper_location`, `oper_param`, `json_result`, `status`, `error_msg`, `oper_time`, `cost_time`) VALUES (205, '字典数据', 1, 'com.ruoyi.web.controller.system.SysDictDataController.add()', 'POST', 1, 'admin', NULL, '/system/dict/data', '127.0.0.1', '内网IP', '{\"createBy\":\"admin\",\"default\":false,\"dictLabel\":\"环境和公共设施管理业\",\"dictSort\":4,\"dictType\":\"industry_type\",\"dictValue\":\"4\",\"listClass\":\"default\",\"params\":{},\"status\":\"0\"}', '{\"msg\":\"操作成功\",\"code\":200}', 0, NULL, '2023-04-26 22:31:09', 18);
INSERT INTO `sys_oper_log` (`oper_id`, `title`, `business_type`, `method`, `request_method`, `operator_type`, `oper_name`, `dept_name`, `oper_url`, `oper_ip`, `oper_location`, `oper_param`, `json_result`, `status`, `error_msg`, `oper_time`, `cost_time`) VALUES (206, '字典数据', 1, 'com.ruoyi.web.controller.system.SysDictDataController.add()', 'POST', 1, 'admin', NULL, '/system/dict/data', '127.0.0.1', '内网IP', '{\"createBy\":\"admin\",\"default\":false,\"dictLabel\":\"建筑业\",\"dictSort\":5,\"dictType\":\"industry_type\",\"dictValue\":\"5\",\"listClass\":\"default\",\"params\":{},\"status\":\"0\"}', '{\"msg\":\"操作成功\",\"code\":200}', 0, NULL, '2023-04-26 22:31:22', 30);
INSERT INTO `sys_oper_log` (`oper_id`, `title`, `business_type`, `method`, `request_method`, `operator_type`, `oper_name`, `dept_name`, `oper_url`, `oper_ip`, `oper_location`, `oper_param`, `json_result`, `status`, `error_msg`, `oper_time`, `cost_time`) VALUES (207, '字典数据', 1, 'com.ruoyi.web.controller.system.SysDictDataController.add()', 'POST', 1, 'admin', NULL, '/system/dict/data', '127.0.0.1', '内网IP', '{\"createBy\":\"admin\",\"default\":false,\"dictLabel\":\"交通运输、仓储业和邮政业\",\"dictSort\":6,\"dictType\":\"industry_type\",\"dictValue\":\"6\",\"listClass\":\"default\",\"params\":{},\"status\":\"0\"}', '{\"msg\":\"操作成功\",\"code\":200}', 0, NULL, '2023-04-26 22:31:34', 34);
INSERT INTO `sys_oper_log` (`oper_id`, `title`, `business_type`, `method`, `request_method`, `operator_type`, `oper_name`, `dept_name`, `oper_url`, `oper_ip`, `oper_location`, `oper_param`, `json_result`, `status`, `error_msg`, `oper_time`, `cost_time`) VALUES (208, '字典数据', 1, 'com.ruoyi.web.controller.system.SysDictDataController.add()', 'POST', 1, 'admin', NULL, '/system/dict/data', '127.0.0.1', '内网IP', '{\"createBy\":\"admin\",\"default\":false,\"dictLabel\":\"信息传输、计算机服务和软件业\",\"dictSort\":7,\"dictType\":\"industry_type\",\"dictValue\":\"7\",\"listClass\":\"default\",\"params\":{},\"status\":\"0\"}', '{\"msg\":\"操作成功\",\"code\":200}', 0, NULL, '2023-04-26 22:31:47', 28);
INSERT INTO `sys_oper_log` (`oper_id`, `title`, `business_type`, `method`, `request_method`, `operator_type`, `oper_name`, `dept_name`, `oper_url`, `oper_ip`, `oper_location`, `oper_param`, `json_result`, `status`, `error_msg`, `oper_time`, `cost_time`) VALUES (209, '字典数据', 1, 'com.ruoyi.web.controller.system.SysDictDataController.add()', 'POST', 1, 'admin', NULL, '/system/dict/data', '127.0.0.1', '内网IP', '{\"createBy\":\"admin\",\"default\":false,\"dictLabel\":\"批发和零售业\",\"dictSort\":8,\"dictType\":\"industry_type\",\"dictValue\":\"8\",\"listClass\":\"default\",\"params\":{},\"status\":\"0\"}', '{\"msg\":\"操作成功\",\"code\":200}', 0, NULL, '2023-04-26 22:31:58', 36);
INSERT INTO `sys_oper_log` (`oper_id`, `title`, `business_type`, `method`, `request_method`, `operator_type`, `oper_name`, `dept_name`, `oper_url`, `oper_ip`, `oper_location`, `oper_param`, `json_result`, `status`, `error_msg`, `oper_time`, `cost_time`) VALUES (210, '字典数据', 1, 'com.ruoyi.web.controller.system.SysDictDataController.add()', 'POST', 1, 'admin', NULL, '/system/dict/data', '127.0.0.1', '内网IP', '{\"createBy\":\"admin\",\"default\":false,\"dictLabel\":\"住宿、餐饮业\",\"dictSort\":9,\"dictType\":\"industry_type\",\"dictValue\":\"9\",\"listClass\":\"default\",\"params\":{},\"status\":\"0\"}', '{\"msg\":\"操作成功\",\"code\":200}', 0, NULL, '2023-04-26 22:32:15', 49);
INSERT INTO `sys_oper_log` (`oper_id`, `title`, `business_type`, `method`, `request_method`, `operator_type`, `oper_name`, `dept_name`, `oper_url`, `oper_ip`, `oper_location`, `oper_param`, `json_result`, `status`, `error_msg`, `oper_time`, `cost_time`) VALUES (211, '代码生成', 2, 'com.ruoyi.generator.controller.GenController.editSave()', 'PUT', 1, 'admin', NULL, '/tool/gen', '127.0.0.1', '内网IP', '{\"businessName\":\"company\",\"className\":\"CsurpCompany\",\"columns\":[{\"capJavaField\":\"Id\",\"columnComment\":\"ID\",\"columnId\":1,\"columnName\":\"id\",\"columnType\":\"bigint\",\"createBy\":\"admin\",\"createTime\":\"2023-04-26 22:20:08\",\"dictType\":\"\",\"edit\":false,\"htmlType\":\"input\",\"increment\":true,\"insert\":true,\"isIncrement\":\"1\",\"isInsert\":\"1\",\"isPk\":\"1\",\"javaField\":\"id\",\"javaType\":\"Long\",\"list\":false,\"params\":{},\"pk\":true,\"query\":false,\"queryType\":\"EQ\",\"required\":false,\"sort\":1,\"superColumn\":false,\"tableId\":1,\"updateBy\":\"\",\"usableColumn\":false},{\"capJavaField\":\"Name\",\"columnComment\":\"公司名称\",\"columnId\":2,\"columnName\":\"name\",\"columnType\":\"varchar(32)\",\"createBy\":\"admin\",\"createTime\":\"2023-04-26 22:20:08\",\"dictType\":\"\",\"edit\":true,\"htmlType\":\"input\",\"increment\":false,\"insert\":true,\"isEdit\":\"1\",\"isIncrement\":\"0\",\"isInsert\":\"1\",\"isList\":\"1\",\"isPk\":\"0\",\"isQuery\":\"1\",\"isRequired\":\"1\",\"javaField\":\"name\",\"javaType\":\"String\",\"list\":true,\"params\":{},\"pk\":false,\"query\":true,\"queryType\":\"LIKE\",\"required\":true,\"sort\":2,\"superColumn\":false,\"tableId\":1,\"updateBy\":\"\",\"usableColumn\":false},{\"capJavaField\":\"Industry\",\"columnComment\":\"所属行业\",\"columnId\":3,\"columnName\":\"industry\",\"columnType\":\"char(1)\",\"createBy\":\"admin\",\"createTime\":\"2023-04-26 22:20:08\",\"dictType\":\"\",\"edit\":true,\"htmlType\":\"radio\",\"increment\":false,\"insert\":true,\"isEdit\":\"1\",\"isIncrement\":\"0\",\"isInsert\":\"1\",\"isList\":\"1\",\"isPk\":\"0\",\"isQuery\":\"1\",\"isRequired\":\"1\",\"javaField\":\"industry\",\"javaType\":\"String\",\"list\":true,\"params\":{},\"pk\":false,\"query\":true,\"queryType\":\"EQ\",\"required\":true,\"sort\":3,\"superColumn\":false,\"tableId\":1,\"updateBy\":\"\",\"usableColumn\":false},{\"capJavaField\":\"Area\",\"columnComment\":\"地区\",\"columnId\":4,\"columnName\":\"area\",\"columnType\":\"varchar(32)\",\"createBy\":\"admin\",\"createTime\":\"2023-04-26 22:20:08\",\"dictType\":\"\",\"edit\":true,\"htmlType\":\"input\",\"increment\":false,\"insert\":true,\"isEdit\":\"1\",\"isIncrement\":\"0\",\"isInsert\":\"1\",\"isList\":\"1\",\"isPk\":\"0\",\"isQuery\":\"1\",\"javaField\":\"area\",\"javaType\":\"String\",\"list\":true,\"params\":{},\"pk\":fals', '{\"msg\":\"操作成功\",\"code\":200}', 0, NULL, '2023-04-26 22:32:27', 87);
INSERT INTO `sys_oper_log` (`oper_id`, `title`, `business_type`, `method`, `request_method`, `operator_type`, `oper_name`, `dept_name`, `oper_url`, `oper_ip`, `oper_location`, `oper_param`, `json_result`, `status`, `error_msg`, `oper_time`, `cost_time`) VALUES (212, '代码生成', 2, 'com.ruoyi.generator.controller.GenController.editSave()', 'PUT', 1, 'admin', NULL, '/tool/gen', '127.0.0.1', '内网IP', '{\"businessName\":\"csurpCompany\",\"className\":\"CsurpCompany\",\"columns\":[{\"capJavaField\":\"Id\",\"columnComment\":\"ID\",\"columnId\":1,\"columnName\":\"id\",\"columnType\":\"bigint\",\"createBy\":\"admin\",\"createTime\":\"2023-04-26 22:20:08\",\"dictType\":\"\",\"edit\":false,\"htmlType\":\"input\",\"increment\":true,\"insert\":true,\"isIncrement\":\"1\",\"isInsert\":\"1\",\"isPk\":\"1\",\"javaField\":\"id\",\"javaType\":\"Long\",\"list\":false,\"params\":{},\"pk\":true,\"query\":false,\"queryType\":\"EQ\",\"required\":false,\"sort\":1,\"superColumn\":false,\"tableId\":1,\"updateBy\":\"\",\"updateTime\":\"2023-04-26 22:32:27\",\"usableColumn\":false},{\"capJavaField\":\"Name\",\"columnComment\":\"公司名称\",\"columnId\":2,\"columnName\":\"name\",\"columnType\":\"varchar(32)\",\"createBy\":\"admin\",\"createTime\":\"2023-04-26 22:20:08\",\"dictType\":\"\",\"edit\":true,\"htmlType\":\"input\",\"increment\":false,\"insert\":true,\"isEdit\":\"1\",\"isIncrement\":\"0\",\"isInsert\":\"1\",\"isList\":\"1\",\"isPk\":\"0\",\"isQuery\":\"1\",\"isRequired\":\"1\",\"javaField\":\"name\",\"javaType\":\"String\",\"list\":true,\"params\":{},\"pk\":false,\"query\":true,\"queryType\":\"LIKE\",\"required\":true,\"sort\":2,\"superColumn\":false,\"tableId\":1,\"updateBy\":\"\",\"updateTime\":\"2023-04-26 22:32:27\",\"usableColumn\":false},{\"capJavaField\":\"Industry\",\"columnComment\":\"所属行业\",\"columnId\":3,\"columnName\":\"industry\",\"columnType\":\"char(1)\",\"createBy\":\"admin\",\"createTime\":\"2023-04-26 22:20:08\",\"dictType\":\"industry_type\",\"edit\":true,\"htmlType\":\"select\",\"increment\":false,\"insert\":true,\"isEdit\":\"1\",\"isIncrement\":\"0\",\"isInsert\":\"1\",\"isList\":\"1\",\"isPk\":\"0\",\"isQuery\":\"1\",\"isRequired\":\"1\",\"javaField\":\"industry\",\"javaType\":\"String\",\"list\":true,\"params\":{},\"pk\":false,\"query\":true,\"queryType\":\"EQ\",\"required\":true,\"sort\":3,\"superColumn\":false,\"tableId\":1,\"updateBy\":\"\",\"updateTime\":\"2023-04-26 22:32:27\",\"usableColumn\":false},{\"capJavaField\":\"Area\",\"columnComment\":\"地区\",\"columnId\":4,\"columnName\":\"area\",\"columnType\":\"varchar(32)\",\"createBy\":\"admin\",\"createTime\":\"2023-04-26 22:20:08\",\"dictType\":\"\",\"edit\":true,\"htmlType\":\"input\",\"increment\":false,\"insert\":true,\"isEdit\":\"1\",\"isIncrement\":\"0\",\"', '{\"msg\":\"操作成功\",\"code\":200}', 0, NULL, '2023-04-26 22:33:54', 48);
INSERT INTO `sys_oper_log` (`oper_id`, `title`, `business_type`, `method`, `request_method`, `operator_type`, `oper_name`, `dept_name`, `oper_url`, `oper_ip`, `oper_location`, `oper_param`, `json_result`, `status`, `error_msg`, `oper_time`, `cost_time`) VALUES (213, '代码生成', 8, 'com.ruoyi.generator.controller.GenController.batchGenCode()', 'GET', 1, 'admin', NULL, '/tool/gen/batchGenCode', '127.0.0.1', '内网IP', '{\"tables\":\"csurp_company\"}', NULL, 0, NULL, '2023-04-26 22:33:57', 328);
INSERT INTO `sys_oper_log` (`oper_id`, `title`, `business_type`, `method`, `request_method`, `operator_type`, `oper_name`, `dept_name`, `oper_url`, `oper_ip`, `oper_location`, `oper_param`, `json_result`, `status`, `error_msg`, `oper_time`, `cost_time`) VALUES (214, '代码生成', 2, 'com.ruoyi.generator.controller.GenController.editSave()', 'PUT', 1, 'admin', NULL, '/tool/gen', '127.0.0.1', '内网IP', '{\"businessName\":\"csurpIndex\",\"className\":\"CsurpIndex\",\"columns\":[{\"capJavaField\":\"Id\",\"columnComment\":\"id\",\"columnId\":11,\"columnName\":\"id\",\"columnType\":\"bigint\",\"createBy\":\"admin\",\"createTime\":\"2023-04-26 22:20:08\",\"dictType\":\"\",\"edit\":false,\"htmlType\":\"input\",\"increment\":true,\"insert\":true,\"isIncrement\":\"1\",\"isInsert\":\"1\",\"isPk\":\"1\",\"javaField\":\"id\",\"javaType\":\"Long\",\"list\":false,\"params\":{},\"pk\":true,\"query\":false,\"queryType\":\"EQ\",\"required\":false,\"sort\":1,\"superColumn\":false,\"tableId\":2,\"updateBy\":\"\",\"usableColumn\":false},{\"capJavaField\":\"ParentId\",\"columnComment\":\"父id\",\"columnId\":12,\"columnName\":\"parent_id\",\"columnType\":\"bigint\",\"createBy\":\"admin\",\"createTime\":\"2023-04-26 22:20:08\",\"dictType\":\"\",\"edit\":false,\"htmlType\":\"input\",\"increment\":false,\"insert\":true,\"isEdit\":\"0\",\"isIncrement\":\"0\",\"isInsert\":\"1\",\"isList\":\"0\",\"isPk\":\"0\",\"isQuery\":\"0\",\"isRequired\":\"1\",\"javaField\":\"parentId\",\"javaType\":\"Long\",\"list\":false,\"params\":{},\"pk\":false,\"query\":false,\"queryType\":\"EQ\",\"required\":true,\"sort\":2,\"superColumn\":true,\"tableId\":2,\"updateBy\":\"\",\"usableColumn\":true},{\"capJavaField\":\"Name\",\"columnComment\":\"指标名称\",\"columnId\":13,\"columnName\":\"name\",\"columnType\":\"varchar(32)\",\"createBy\":\"admin\",\"createTime\":\"2023-04-26 22:20:08\",\"dictType\":\"\",\"edit\":true,\"htmlType\":\"input\",\"increment\":false,\"insert\":true,\"isEdit\":\"1\",\"isIncrement\":\"0\",\"isInsert\":\"1\",\"isList\":\"1\",\"isPk\":\"0\",\"isQuery\":\"1\",\"isRequired\":\"1\",\"javaField\":\"name\",\"javaType\":\"String\",\"list\":true,\"params\":{},\"pk\":false,\"query\":true,\"queryType\":\"LIKE\",\"required\":true,\"sort\":3,\"superColumn\":false,\"tableId\":2,\"updateBy\":\"\",\"usableColumn\":false},{\"capJavaField\":\"Sort\",\"columnComment\":\"显示顺序\",\"columnId\":14,\"columnName\":\"sort\",\"columnType\":\"int\",\"createBy\":\"admin\",\"createTime\":\"2023-04-26 22:20:08\",\"dictType\":\"\",\"edit\":true,\"htmlType\":\"input\",\"increment\":false,\"insert\":true,\"isEdit\":\"1\",\"isIncrement\":\"0\",\"isInsert\":\"1\",\"isList\":\"1\",\"isPk\":\"0\",\"isQuery\":\"0\",\"javaField\":\"sort\",\"javaType\":\"Long\",\"list\":true,\"params\":{},\"pk\":false,\"qu', '{\"msg\":\"操作成功\",\"code\":200}', 0, NULL, '2023-04-26 22:36:30', 84);
INSERT INTO `sys_oper_log` (`oper_id`, `title`, `business_type`, `method`, `request_method`, `operator_type`, `oper_name`, `dept_name`, `oper_url`, `oper_ip`, `oper_location`, `oper_param`, `json_result`, `status`, `error_msg`, `oper_time`, `cost_time`) VALUES (215, '代码生成', 8, 'com.ruoyi.generator.controller.GenController.batchGenCode()', 'GET', 1, 'admin', NULL, '/tool/gen/batchGenCode', '127.0.0.1', '内网IP', '{\"tables\":\"csurp_index\"}', NULL, 0, NULL, '2023-04-26 22:36:49', 153);
INSERT INTO `sys_oper_log` (`oper_id`, `title`, `business_type`, `method`, `request_method`, `operator_type`, `oper_name`, `dept_name`, `oper_url`, `oper_ip`, `oper_location`, `oper_param`, `json_result`, `status`, `error_msg`, `oper_time`, `cost_time`) VALUES (216, '公司信息', 1, 'com.ruoyi.csrup.controller.CsurpCompanyController.add()', 'POST', 1, 'admin', NULL, '/csrup/csurpCompany', '127.0.0.1', '内网IP', '{\"area\":\"北京市朝阳区朝阳路66号\",\"createTime\":\"2023-04-26 22:51:33\",\"id\":1,\"industry\":\"7\",\"name\":\"xxx科技公司\",\"params\":{},\"status\":\"0\"}', '{\"msg\":\"操作成功\",\"code\":200}', 0, NULL, '2023-04-26 22:51:33', 266);
INSERT INTO `sys_oper_log` (`oper_id`, `title`, `business_type`, `method`, `request_method`, `operator_type`, `oper_name`, `dept_name`, `oper_url`, `oper_ip`, `oper_location`, `oper_param`, `json_result`, `status`, `error_msg`, `oper_time`, `cost_time`) VALUES (217, '公司信息', 1, 'com.ruoyi.csrup.controller.CsurpCompanyController.add()', 'POST', 1, 'admin', NULL, '/csrup/csurpCompany', '127.0.0.1', '内网IP', '{\"area\":\"上海市陆家嘴\",\"createTime\":\"2023-04-26 22:52:05\",\"id\":2,\"industry\":\"3\",\"name\":\"xxx电力公司\",\"params\":{},\"status\":\"0\"}', '{\"msg\":\"操作成功\",\"code\":200}', 0, NULL, '2023-04-26 22:52:05', 22);
INSERT INTO `sys_oper_log` (`oper_id`, `title`, `business_type`, `method`, `request_method`, `operator_type`, `oper_name`, `dept_name`, `oper_url`, `oper_ip`, `oper_location`, `oper_param`, `json_result`, `status`, `error_msg`, `oper_time`, `cost_time`) VALUES (218, '角色管理', 2, 'com.ruoyi.web.controller.system.SysRoleController.edit()', 'PUT', 1, 'admin', NULL, '/system/role', '127.0.0.1', '内网IP', '{\"admin\":false,\"createTime\":\"2023-04-26 20:26:32\",\"dataScope\":\"1\",\"delFlag\":\"0\",\"deptCheckStrictly\":true,\"flag\":false,\"menuCheckStrictly\":true,\"menuIds\":[2056,2057,2058,2059,2060,2061,2062],\"params\":{},\"roleId\":100,\"roleKey\":\"written\",\"roleName\":\"公司填写员\",\"roleSort\":2,\"status\":\"0\",\"updateBy\":\"admin\"}', '{\"msg\":\"操作成功\",\"code\":200}', 0, NULL, '2023-04-26 22:55:37', 75);
INSERT INTO `sys_oper_log` (`oper_id`, `title`, `business_type`, `method`, `request_method`, `operator_type`, `oper_name`, `dept_name`, `oper_url`, `oper_ip`, `oper_location`, `oper_param`, `json_result`, `status`, `error_msg`, `oper_time`, `cost_time`) VALUES (219, '角色管理', 2, 'com.ruoyi.web.controller.system.SysRoleController.edit()', 'PUT', 1, 'admin', NULL, '/system/role', '127.0.0.1', '内网IP', '{\"admin\":false,\"createTime\":\"2023-04-26 20:26:49\",\"dataScope\":\"1\",\"delFlag\":\"0\",\"deptCheckStrictly\":true,\"flag\":false,\"menuCheckStrictly\":true,\"menuIds\":[2056,2057,2058,2059,2060,2061,2062,2063,2064,2065,2066,2067,2068],\"params\":{},\"roleId\":101,\"roleKey\":\"verify\",\"roleName\":\"审核员\",\"roleSort\":3,\"status\":\"0\",\"updateBy\":\"admin\"}', '{\"msg\":\"操作成功\",\"code\":200}', 0, NULL, '2023-04-26 22:55:54', 45);
INSERT INTO `sys_oper_log` (`oper_id`, `title`, `business_type`, `method`, `request_method`, `operator_type`, `oper_name`, `dept_name`, `oper_url`, `oper_ip`, `oper_location`, `oper_param`, `json_result`, `status`, `error_msg`, `oper_time`, `cost_time`) VALUES (220, '用户管理', 1, 'com.ruoyi.web.controller.system.SysUserController.add()', 'POST', 1, 'admin', NULL, '/system/user', '127.0.0.1', '内网IP', '{\"admin\":false,\"createBy\":\"admin\",\"nickName\":\"填写员\",\"params\":{},\"postIds\":[],\"roleIds\":[100],\"status\":\"0\",\"userId\":100,\"userName\":\"tianxieyuan\"}', '{\"msg\":\"操作成功\",\"code\":200}', 0, NULL, '2023-04-26 22:56:25', 144);
INSERT INTO `sys_oper_log` (`oper_id`, `title`, `business_type`, `method`, `request_method`, `operator_type`, `oper_name`, `dept_name`, `oper_url`, `oper_ip`, `oper_location`, `oper_param`, `json_result`, `status`, `error_msg`, `oper_time`, `cost_time`) VALUES (221, '用户管理', 1, 'com.ruoyi.web.controller.system.SysUserController.add()', 'POST', 1, 'admin', NULL, '/system/user', '127.0.0.1', '内网IP', '{\"admin\":false,\"createBy\":\"admin\",\"nickName\":\"审核员\",\"params\":{},\"postIds\":[],\"roleIds\":[101],\"status\":\"0\",\"userId\":101,\"userName\":\"shenheyuan\"}', '{\"msg\":\"操作成功\",\"code\":200}', 0, NULL, '2023-04-26 22:57:17', 129);
INSERT INTO `sys_oper_log` (`oper_id`, `title`, `business_type`, `method`, `request_method`, `operator_type`, `oper_name`, `dept_name`, `oper_url`, `oper_ip`, `oper_location`, `oper_param`, `json_result`, `status`, `error_msg`, `oper_time`, `cost_time`) VALUES (222, '角色管理', 2, 'com.ruoyi.web.controller.system.SysRoleController.edit()', 'PUT', 1, 'admin', NULL, '/system/role', '127.0.0.1', '内网IP', '{\"admin\":false,\"createTime\":\"2023-04-26 20:26:32\",\"dataScope\":\"1\",\"delFlag\":\"0\",\"deptCheckStrictly\":true,\"flag\":false,\"menuCheckStrictly\":true,\"menuIds\":[2056,2057,2058,2059,2060,2061,2062,2063,2064,2065,2066,2067,2068],\"params\":{},\"roleId\":100,\"roleKey\":\"written\",\"roleName\":\"公司填写员\",\"roleSort\":2,\"status\":\"0\",\"updateBy\":\"admin\"}', '{\"msg\":\"操作成功\",\"code\":200}', 0, NULL, '2023-04-27 13:39:35', 63);
INSERT INTO `sys_oper_log` (`oper_id`, `title`, `business_type`, `method`, `request_method`, `operator_type`, `oper_name`, `dept_name`, `oper_url`, `oper_ip`, `oper_location`, `oper_param`, `json_result`, `status`, `error_msg`, `oper_time`, `cost_time`) VALUES (223, '指标', 1, 'com.ruoyi.csrup.controller.CsurpIndexController.add()', 'POST', 1, 'admin', NULL, '/csrup/csurpIndex', '127.0.0.1', '内网IP', '{\"children\":[],\"createTime\":\"2023-04-27 14:25:07\",\"id\":1,\"name\":\"员工权益\",\"params\":{},\"parentId\":0,\"sort\":0}', '{\"msg\":\"操作成功\",\"code\":200}', 0, NULL, '2023-04-27 14:25:07', 115);
INSERT INTO `sys_oper_log` (`oper_id`, `title`, `business_type`, `method`, `request_method`, `operator_type`, `oper_name`, `dept_name`, `oper_url`, `oper_ip`, `oper_location`, `oper_param`, `json_result`, `status`, `error_msg`, `oper_time`, `cost_time`) VALUES (224, '菜单管理', 3, 'com.ruoyi.web.controller.system.SysMenuController.remove()', 'DELETE', 1, 'admin', NULL, '/system/menu/2064', '127.0.0.1', '内网IP', '{}', '{\"msg\":\"菜单已分配,不允许删除\",\"code\":601}', 0, NULL, '2023-04-27 14:55:53', 41);
INSERT INTO `sys_oper_log` (`oper_id`, `title`, `business_type`, `method`, `request_method`, `operator_type`, `oper_name`, `dept_name`, `oper_url`, `oper_ip`, `oper_location`, `oper_param`, `json_result`, `status`, `error_msg`, `oper_time`, `cost_time`) VALUES (225, '菜单管理', 2, 'com.ruoyi.web.controller.system.SysMenuController.edit()', 'PUT', 1, 'admin', NULL, '/system/menu', '127.0.0.1', '内网IP', '{\"children\":[],\"component\":\"csrup/csurpIndex/index\",\"createTime\":\"2023-04-26 22:41:42\",\"icon\":\"#\",\"isCache\":\"0\",\"isFrame\":\"1\",\"menuId\":2063,\"menuName\":\"指标\",\"menuType\":\"C\",\"orderNum\":1,\"params\":{},\"parentId\":2056,\"path\":\"csurpIndex\",\"perms\":\"csrup:csurpIndex:list\",\"status\":\"1\",\"updateBy\":\"admin\",\"visible\":\"1\"}', '{\"msg\":\"操作成功\",\"code\":200}', 0, NULL, '2023-04-27 14:56:02', 46);
INSERT INTO `sys_oper_log` (`oper_id`, `title`, `business_type`, `method`, `request_method`, `operator_type`, `oper_name`, `dept_name`, `oper_url`, `oper_ip`, `oper_location`, `oper_param`, `json_result`, `status`, `error_msg`, `oper_time`, `cost_time`) VALUES (226, '字典类型', 3, 'com.ruoyi.web.controller.system.SysDictTypeController.remove()', 'DELETE', 1, 'admin', NULL, '/system/dict/type/102', '127.0.0.1', '内网IP', '{}', NULL, 1, '性质已分配,不能删除', '2023-04-27 15:21:44', 31);
INSERT INTO `sys_oper_log` (`oper_id`, `title`, `business_type`, `method`, `request_method`, `operator_type`, `oper_name`, `dept_name`, `oper_url`, `oper_ip`, `oper_location`, `oper_param`, `json_result`, `status`, `error_msg`, `oper_time`, `cost_time`) VALUES (227, '字典类型', 3, 'com.ruoyi.web.controller.system.SysDictDataController.remove()', 'DELETE', 1, 'admin', NULL, '/system/dict/data/103,104', '127.0.0.1', '内网IP', '{}', '{\"msg\":\"操作成功\",\"code\":200}', 0, NULL, '2023-04-27 15:21:53', 51);
INSERT INTO `sys_oper_log` (`oper_id`, `title`, `business_type`, `method`, `request_method`, `operator_type`, `oper_name`, `dept_name`, `oper_url`, `oper_ip`, `oper_location`, `oper_param`, `json_result`, `status`, `error_msg`, `oper_time`, `cost_time`) VALUES (228, '字典类型', 3, 'com.ruoyi.web.controller.system.SysDictTypeController.remove()', 'DELETE', 1, 'admin', NULL, '/system/dict/type/102', '127.0.0.1', '内网IP', '{}', '{\"msg\":\"操作成功\",\"code\":200}', 0, NULL, '2023-04-27 15:21:59', 55);
INSERT INTO `sys_oper_log` (`oper_id`, `title`, `business_type`, `method`, `request_method`, `operator_type`, `oper_name`, `dept_name`, `oper_url`, `oper_ip`, `oper_location`, `oper_param`, `json_result`, `status`, `error_msg`, `oper_time`, `cost_time`) VALUES (229, '指标', 1, 'com.ruoyi.csrup.controller.CsurpIndexController.add()', 'POST', 1, 'admin', NULL, '/csrup/csurpIndex', '127.0.0.1', '内网IP', '{\"children\":[],\"companyId\":1,\"createTime\":\"2023-04-27 15:52:55\",\"id\":2,\"illustrate\":\"说明公司员工福利，聚餐，团建，年会，旅游，节假日礼物等\",\"name\":\"员工福利\",\"params\":{},\"parentId\":1,\"qualitative\":\"聚餐，团建，年会，旅游，节假日礼物\",\"score\":\"0.36\",\"sort\":0}', '{\"msg\":\"操作成功\",\"code\":200}', 0, NULL, '2023-04-27 15:52:55', 118);
INSERT INTO `sys_oper_log` (`oper_id`, `title`, `business_type`, `method`, `request_method`, `operator_type`, `oper_name`, `dept_name`, `oper_url`, `oper_ip`, `oper_location`, `oper_param`, `json_result`, `status`, `error_msg`, `oper_time`, `cost_time`) VALUES (230, '指标', 1, 'com.ruoyi.csrup.controller.CsurpIndexController.add()', 'POST', 1, 'admin', NULL, '/csrup/csurpIndex', '127.0.0.1', '内网IP', '{\"children\":[],\"companyId\":1,\"createTime\":\"2023-04-27 15:56:15\",\"id\":3,\"name\":\"员工平均工资\",\"params\":{},\"parentId\":1,\"quantify\":\"4000 元\",\"score\":\"0.88\",\"sort\":1}', '{\"msg\":\"操作成功\",\"code\":200}', 0, NULL, '2023-04-27 15:56:15', 32);
INSERT INTO `sys_oper_log` (`oper_id`, `title`, `business_type`, `method`, `request_method`, `operator_type`, `oper_name`, `dept_name`, `oper_url`, `oper_ip`, `oper_location`, `oper_param`, `json_result`, `status`, `error_msg`, `oper_time`, `cost_time`) VALUES (231, '指标', 1, 'com.ruoyi.csrup.controller.CsurpIndexController.add()', 'POST', 1, 'admin', NULL, '/csrup/csurpIndex', '127.0.0.1', '内网IP', '{\"children\":[],\"companyId\":1,\"createTime\":\"2023-04-27 15:57:00\",\"id\":4,\"name\":\"社会贡献\",\"params\":{},\"parentId\":0,\"sort\":1}', '{\"msg\":\"操作成功\",\"code\":200}', 0, NULL, '2023-04-27 15:57:00', 23);
INSERT INTO `sys_oper_log` (`oper_id`, `title`, `business_type`, `method`, `request_method`, `operator_type`, `oper_name`, `dept_name`, `oper_url`, `oper_ip`, `oper_location`, `oper_param`, `json_result`, `status`, `error_msg`, `oper_time`, `cost_time`) VALUES (232, '指标', 1, 'com.ruoyi.csrup.controller.CsurpIndexController.add()', 'POST', 1, 'admin', NULL, '/csrup/csurpIndex', '127.0.0.1', '内网IP', '{\"children\":[],\"companyId\":1,\"createTime\":\"2023-04-27 15:59:49\",\"id\":5,\"illustrate\":\"包括各类财物捐赠和义务服务。特别是对城市贫困群体的支持。\",\"name\":\"慈善捐款\",\"params\":{},\"parentId\":4,\"qualitative\":\"捐赠\",\"quantify\":\"30万元\",\"score\":\"0.56\",\"sort\":0}', '{\"msg\":\"操作成功\",\"code\":200}', 0, NULL, '2023-04-27 15:59:49', 24);
INSERT INTO `sys_oper_log` (`oper_id`, `title`, `business_type`, `method`, `request_method`, `operator_type`, `oper_name`, `dept_name`, `oper_url`, `oper_ip`, `oper_location`, `oper_param`, `json_result`, `status`, `error_msg`, `oper_time`, `cost_time`) VALUES (233, '指标', 1, 'com.ruoyi.csrup.controller.CsurpIndexController.add()', 'POST', 1, 'admin', NULL, '/csrup/csurpIndex', '127.0.0.1', '内网IP', '{\"children\":[],\"companyId\":1,\"createTime\":\"2023-04-27 19:51:22\",\"id\":6,\"name\":\"产假/陪产假后保留工作的员工比例\",\"nature\":\"1\",\"params\":{},\"parentId\":0,\"quantify\":\"36%\",\"score\":\"0.36\",\"sort\":3}', '{\"msg\":\"操作成功\",\"code\":200}', 0, NULL, '2023-04-27 19:51:22', 123);
INSERT INTO `sys_oper_log` (`oper_id`, `title`, `business_type`, `method`, `request_method`, `operator_type`, `oper_name`, `dept_name`, `oper_url`, `oper_ip`, `oper_location`, `oper_param`, `json_result`, `status`, `error_msg`, `oper_time`, `cost_time`) VALUES (234, '指标', 2, 'com.ruoyi.csrup.controller.CsurpIndexController.edit()', 'PUT', 1, 'admin', NULL, '/csrup/csurpIndex', '127.0.0.1', '内网IP', '{\"children\":[],\"companyId\":1,\"createBy\":\"\",\"createTime\":\"2023-04-27 19:51:22\",\"id\":6,\"name\":\"产假/陪产假后保留工作的员工比例\",\"nature\":\"1\",\"params\":{},\"parentId\":1,\"quantify\":\"36%\",\"score\":\"0.36\",\"sort\":3,\"updateBy\":\"\",\"updateTime\":\"2023-04-27 19:51:32\"}', '{\"msg\":\"操作成功\",\"code\":200}', 0, NULL, '2023-04-27 19:51:32', 35);
INSERT INTO `sys_oper_log` (`oper_id`, `title`, `business_type`, `method`, `request_method`, `operator_type`, `oper_name`, `dept_name`, `oper_url`, `oper_ip`, `oper_location`, `oper_param`, `json_result`, `status`, `error_msg`, `oper_time`, `cost_time`) VALUES (235, '指标', 2, 'com.ruoyi.csrup.controller.CsurpIndexController.edit()', 'PUT', 1, 'admin', NULL, '/csrup/csurpIndex', '127.0.0.1', '内网IP', '{\"children\":[],\"companyId\":1,\"createBy\":\"\",\"createTime\":\"2023-04-27 19:51:22\",\"id\":6,\"name\":\"产假/陪产假后保留工作的员工比例\",\"nature\":\"1\",\"params\":{},\"parentId\":1,\"quantify\":\"36%\",\"score\":\"0.36\",\"sort\":2,\"updateBy\":\"\",\"updateTime\":\"2023-04-27 19:51:41\"}', '{\"msg\":\"操作成功\",\"code\":200}', 0, NULL, '2023-04-27 19:51:41', 13);
INSERT INTO `sys_oper_log` (`oper_id`, `title`, `business_type`, `method`, `request_method`, `operator_type`, `oper_name`, `dept_name`, `oper_url`, `oper_ip`, `oper_location`, `oper_param`, `json_result`, `status`, `error_msg`, `oper_time`, `cost_time`) VALUES (236, '指标', 5, 'com.ruoyi.csrup.controller.CsurpIndexController.export()', 'POST', 1, 'admin', NULL, '/csrup/csurpIndex/export', '127.0.0.1', '内网IP', '{\"companyId\":\"1\"}', NULL, 0, NULL, '2023-04-27 19:56:59', 4486);
INSERT INTO `sys_oper_log` (`oper_id`, `title`, `business_type`, `method`, `request_method`, `operator_type`, `oper_name`, `dept_name`, `oper_url`, `oper_ip`, `oper_location`, `oper_param`, `json_result`, `status`, `error_msg`, `oper_time`, `cost_time`) VALUES (237, '字典类型', 3, 'com.ruoyi.web.controller.system.SysDictDataController.remove()', 'DELETE', 1, 'admin', NULL, '/system/dict/data/100', '127.0.0.1', '内网IP', '{}', '{\"msg\":\"操作成功\",\"code\":200}', 0, NULL, '2023-04-27 23:17:40', 73);
INSERT INTO `sys_oper_log` (`oper_id`, `title`, `business_type`, `method`, `request_method`, `operator_type`, `oper_name`, `dept_name`, `oper_url`, `oper_ip`, `oper_location`, `oper_param`, `json_result`, `status`, `error_msg`, `oper_time`, `cost_time`) VALUES (238, '字典数据', 2, 'com.ruoyi.web.controller.system.SysDictDataController.edit()', 'PUT', 1, 'admin', NULL, '/system/dict/data', '127.0.0.1', '内网IP', '{\"createBy\":\"admin\",\"createTime\":\"2023-04-25 10:17:59\",\"default\":false,\"dictCode\":101,\"dictLabel\":\"待审核\",\"dictSort\":0,\"dictType\":\"company_status\",\"dictValue\":\"0\",\"isDefault\":\"N\",\"listClass\":\"danger\",\"params\":{},\"status\":\"0\",\"updateBy\":\"admin\"}', '{\"msg\":\"操作成功\",\"code\":200}', 0, NULL, '2023-04-27 23:17:53', 42);
INSERT INTO `sys_oper_log` (`oper_id`, `title`, `business_type`, `method`, `request_method`, `operator_type`, `oper_name`, `dept_name`, `oper_url`, `oper_ip`, `oper_location`, `oper_param`, `json_result`, `status`, `error_msg`, `oper_time`, `cost_time`) VALUES (239, '字典数据', 2, 'com.ruoyi.web.controller.system.SysDictDataController.edit()', 'PUT', 1, 'admin', NULL, '/system/dict/data', '127.0.0.1', '内网IP', '{\"createBy\":\"admin\",\"createTime\":\"2023-04-25 10:18:08\",\"default\":false,\"dictCode\":102,\"dictLabel\":\"已审核\",\"dictSort\":1,\"dictType\":\"company_status\",\"dictValue\":\"1\",\"isDefault\":\"N\",\"listClass\":\"success\",\"params\":{},\"status\":\"0\",\"updateBy\":\"admin\"}', '{\"msg\":\"操作成功\",\"code\":200}', 0, NULL, '2023-04-27 23:17:58', 19);
INSERT INTO `sys_oper_log` (`oper_id`, `title`, `business_type`, `method`, `request_method`, `operator_type`, `oper_name`, `dept_name`, `oper_url`, `oper_ip`, `oper_location`, `oper_param`, `json_result`, `status`, `error_msg`, `oper_time`, `cost_time`) VALUES (240, '公司信息', 2, 'com.ruoyi.csrup.controller.CsurpCompanyController.edit()', 'PUT', 1, 'shenheyuan', NULL, '/csrup/csurpCompany', '127.0.0.1', '内网IP', '{\"area\":\"北京市朝阳区朝阳路66号\",\"createBy\":\"\",\"createTime\":\"2023-04-26 22:51:33\",\"id\":1,\"industry\":\"7\",\"name\":\"xxx科技公司\",\"params\":{},\"status\":\"1\",\"updateBy\":\"\",\"updateTime\":\"2023-04-27 23:26:44\"}', '{\"msg\":\"操作成功\",\"code\":200}', 0, NULL, '2023-04-27 23:26:44', 30);
INSERT INTO `sys_oper_log` (`oper_id`, `title`, `business_type`, `method`, `request_method`, `operator_type`, `oper_name`, `dept_name`, `oper_url`, `oper_ip`, `oper_location`, `oper_param`, `json_result`, `status`, `error_msg`, `oper_time`, `cost_time`) VALUES (241, '公司信息', 2, 'com.ruoyi.csrup.controller.CsurpCompanyController.edit()', 'PUT', 1, 'shenheyuan', NULL, '/csrup/csurpCompany', '127.0.0.1', '内网IP', '{\"area\":\"北京市朝阳区朝阳路66号\",\"createBy\":\"\",\"createTime\":\"2023-04-26 22:51:33\",\"id\":1,\"industry\":\"7\",\"name\":\"xxx科技公司\",\"params\":{},\"status\":\"1\",\"updateBy\":\"\",\"updateTime\":\"2023-04-27 23:30:42\"}', '{\"msg\":\"操作成功\",\"code\":200}', 0, NULL, '2023-04-27 23:30:42', 16);
INSERT INTO `sys_oper_log` (`oper_id`, `title`, `business_type`, `method`, `request_method`, `operator_type`, `oper_name`, `dept_name`, `oper_url`, `oper_ip`, `oper_location`, `oper_param`, `json_result`, `status`, `error_msg`, `oper_time`, `cost_time`) VALUES (242, '指标', 5, 'com.ruoyi.csrup.controller.CsurpIndexController.export()', 'POST', 1, 'shenheyuan', NULL, '/csrup/csurpIndex/export', '127.0.0.1', '内网IP', '{\"companyId\":\"1\"}', NULL, 0, NULL, '2023-04-27 23:31:07', 1122);
COMMIT;

-- ----------------------------
-- Table structure for sys_post
-- ----------------------------
DROP TABLE IF EXISTS `sys_post`;
CREATE TABLE `sys_post` (
  `post_id` bigint NOT NULL AUTO_INCREMENT COMMENT '岗位ID',
  `post_code` varchar(64) CHARACTER SET utf8mb4 COLLATE utf8mb4_general_ci NOT NULL COMMENT '岗位编码',
  `post_name` varchar(50) CHARACTER SET utf8mb4 COLLATE utf8mb4_general_ci NOT NULL COMMENT '岗位名称',
  `post_sort` int NOT NULL COMMENT '显示顺序',
  `status` char(1) CHARACTER SET utf8mb4 COLLATE utf8mb4_general_ci NOT NULL COMMENT '状态（0正常 1停用）',
  `create_by` varchar(64) CHARACTER SET utf8mb4 COLLATE utf8mb4_general_ci DEFAULT '' COMMENT '创建者',
  `create_time` datetime DEFAULT NULL COMMENT '创建时间',
  `update_by` varchar(64) CHARACTER SET utf8mb4 COLLATE utf8mb4_general_ci DEFAULT '' COMMENT '更新者',
  `update_time` datetime DEFAULT NULL COMMENT '更新时间',
  `remark` varchar(500) CHARACTER SET utf8mb4 COLLATE utf8mb4_general_ci DEFAULT NULL COMMENT '备注',
  PRIMARY KEY (`post_id`) USING BTREE
) ENGINE=InnoDB AUTO_INCREMENT=5 DEFAULT CHARSET=utf8mb4 COLLATE=utf8mb4_general_ci ROW_FORMAT=DYNAMIC COMMENT='岗位信息表';

-- ----------------------------
-- Records of sys_post
-- ----------------------------
BEGIN;
INSERT INTO `sys_post` (`post_id`, `post_code`, `post_name`, `post_sort`, `status`, `create_by`, `create_time`, `update_by`, `update_time`, `remark`) VALUES (1, 'ceo', '董事长', 1, '0', 'admin', '2023-04-20 19:54:30', '', NULL, '');
INSERT INTO `sys_post` (`post_id`, `post_code`, `post_name`, `post_sort`, `status`, `create_by`, `create_time`, `update_by`, `update_time`, `remark`) VALUES (2, 'se', '项目经理', 2, '0', 'admin', '2023-04-20 19:54:30', '', NULL, '');
INSERT INTO `sys_post` (`post_id`, `post_code`, `post_name`, `post_sort`, `status`, `create_by`, `create_time`, `update_by`, `update_time`, `remark`) VALUES (3, 'hr', '人力资源', 3, '0', 'admin', '2023-04-20 19:54:30', '', NULL, '');
INSERT INTO `sys_post` (`post_id`, `post_code`, `post_name`, `post_sort`, `status`, `create_by`, `create_time`, `update_by`, `update_time`, `remark`) VALUES (4, 'user', '普通员工', 4, '0', 'admin', '2023-04-20 19:54:30', '', NULL, '');
COMMIT;

-- ----------------------------
-- Table structure for sys_role
-- ----------------------------
DROP TABLE IF EXISTS `sys_role`;
CREATE TABLE `sys_role` (
  `role_id` bigint NOT NULL AUTO_INCREMENT COMMENT '角色ID',
  `role_name` varchar(30) CHARACTER SET utf8mb4 COLLATE utf8mb4_general_ci NOT NULL COMMENT '角色名称',
  `role_key` varchar(100) CHARACTER SET utf8mb4 COLLATE utf8mb4_general_ci NOT NULL COMMENT '角色权限字符串',
  `role_sort` int NOT NULL COMMENT '显示顺序',
  `data_scope` char(1) CHARACTER SET utf8mb4 COLLATE utf8mb4_general_ci DEFAULT '1' COMMENT '数据范围（1：全部数据权限 2：自定数据权限 3：本部门数据权限 4：本部门及以下数据权限）',
  `menu_check_strictly` tinyint(1) DEFAULT '1' COMMENT '菜单树选择项是否关联显示',
  `dept_check_strictly` tinyint(1) DEFAULT '1' COMMENT '部门树选择项是否关联显示',
  `status` char(1) CHARACTER SET utf8mb4 COLLATE utf8mb4_general_ci NOT NULL COMMENT '角色状态（0正常 1停用）',
  `del_flag` char(1) CHARACTER SET utf8mb4 COLLATE utf8mb4_general_ci DEFAULT '0' COMMENT '删除标志（0代表存在 2代表删除）',
  `create_by` varchar(64) CHARACTER SET utf8mb4 COLLATE utf8mb4_general_ci DEFAULT '' COMMENT '创建者',
  `create_time` datetime DEFAULT NULL COMMENT '创建时间',
  `update_by` varchar(64) CHARACTER SET utf8mb4 COLLATE utf8mb4_general_ci DEFAULT '' COMMENT '更新者',
  `update_time` datetime DEFAULT NULL COMMENT '更新时间',
  `remark` varchar(500) CHARACTER SET utf8mb4 COLLATE utf8mb4_general_ci DEFAULT NULL COMMENT '备注',
  PRIMARY KEY (`role_id`) USING BTREE
) ENGINE=InnoDB AUTO_INCREMENT=102 DEFAULT CHARSET=utf8mb4 COLLATE=utf8mb4_general_ci ROW_FORMAT=DYNAMIC COMMENT='角色信息表';

-- ----------------------------
-- Records of sys_role
-- ----------------------------
BEGIN;
INSERT INTO `sys_role` (`role_id`, `role_name`, `role_key`, `role_sort`, `data_scope`, `menu_check_strictly`, `dept_check_strictly`, `status`, `del_flag`, `create_by`, `create_time`, `update_by`, `update_time`, `remark`) VALUES (1, '超级管理员', 'admin', 1, '1', 1, 1, '0', '0', 'admin', '2023-04-20 19:54:30', '', NULL, '超级管理员');
INSERT INTO `sys_role` (`role_id`, `role_name`, `role_key`, `role_sort`, `data_scope`, `menu_check_strictly`, `dept_check_strictly`, `status`, `del_flag`, `create_by`, `create_time`, `update_by`, `update_time`, `remark`) VALUES (100, '公司填写员', 'written', 2, '1', 1, 1, '0', '0', 'admin', '2023-04-26 20:26:32', 'admin', '2023-04-27 13:39:35', NULL);
INSERT INTO `sys_role` (`role_id`, `role_name`, `role_key`, `role_sort`, `data_scope`, `menu_check_strictly`, `dept_check_strictly`, `status`, `del_flag`, `create_by`, `create_time`, `update_by`, `update_time`, `remark`) VALUES (101, '审核员', 'verify', 3, '1', 1, 1, '0', '0', 'admin', '2023-04-26 20:26:49', 'admin', '2023-04-26 22:55:53', NULL);
COMMIT;

-- ----------------------------
-- Table structure for sys_role_dept
-- ----------------------------
DROP TABLE IF EXISTS `sys_role_dept`;
CREATE TABLE `sys_role_dept` (
  `role_id` bigint NOT NULL COMMENT '角色ID',
  `dept_id` bigint NOT NULL COMMENT '部门ID',
  PRIMARY KEY (`role_id`,`dept_id`) USING BTREE
) ENGINE=InnoDB DEFAULT CHARSET=utf8mb4 COLLATE=utf8mb4_general_ci ROW_FORMAT=DYNAMIC COMMENT='角色和部门关联表';

-- ----------------------------
-- Records of sys_role_dept
-- ----------------------------
BEGIN;
COMMIT;

-- ----------------------------
-- Table structure for sys_role_menu
-- ----------------------------
DROP TABLE IF EXISTS `sys_role_menu`;
CREATE TABLE `sys_role_menu` (
  `role_id` bigint NOT NULL COMMENT '角色ID',
  `menu_id` bigint NOT NULL COMMENT '菜单ID',
  PRIMARY KEY (`role_id`,`menu_id`) USING BTREE
) ENGINE=InnoDB DEFAULT CHARSET=utf8mb4 COLLATE=utf8mb4_general_ci ROW_FORMAT=DYNAMIC COMMENT='角色和菜单关联表';

-- ----------------------------
-- Records of sys_role_menu
-- ----------------------------
BEGIN;
INSERT INTO `sys_role_menu` (`role_id`, `menu_id`) VALUES (100, 2056);
INSERT INTO `sys_role_menu` (`role_id`, `menu_id`) VALUES (100, 2057);
INSERT INTO `sys_role_menu` (`role_id`, `menu_id`) VALUES (100, 2058);
INSERT INTO `sys_role_menu` (`role_id`, `menu_id`) VALUES (100, 2059);
INSERT INTO `sys_role_menu` (`role_id`, `menu_id`) VALUES (100, 2060);
INSERT INTO `sys_role_menu` (`role_id`, `menu_id`) VALUES (100, 2061);
INSERT INTO `sys_role_menu` (`role_id`, `menu_id`) VALUES (100, 2062);
INSERT INTO `sys_role_menu` (`role_id`, `menu_id`) VALUES (100, 2063);
INSERT INTO `sys_role_menu` (`role_id`, `menu_id`) VALUES (100, 2064);
INSERT INTO `sys_role_menu` (`role_id`, `menu_id`) VALUES (100, 2065);
INSERT INTO `sys_role_menu` (`role_id`, `menu_id`) VALUES (100, 2066);
INSERT INTO `sys_role_menu` (`role_id`, `menu_id`) VALUES (100, 2067);
INSERT INTO `sys_role_menu` (`role_id`, `menu_id`) VALUES (100, 2068);
INSERT INTO `sys_role_menu` (`role_id`, `menu_id`) VALUES (101, 2056);
INSERT INTO `sys_role_menu` (`role_id`, `menu_id`) VALUES (101, 2057);
INSERT INTO `sys_role_menu` (`role_id`, `menu_id`) VALUES (101, 2058);
INSERT INTO `sys_role_menu` (`role_id`, `menu_id`) VALUES (101, 2059);
INSERT INTO `sys_role_menu` (`role_id`, `menu_id`) VALUES (101, 2060);
INSERT INTO `sys_role_menu` (`role_id`, `menu_id`) VALUES (101, 2061);
INSERT INTO `sys_role_menu` (`role_id`, `menu_id`) VALUES (101, 2062);
INSERT INTO `sys_role_menu` (`role_id`, `menu_id`) VALUES (101, 2063);
INSERT INTO `sys_role_menu` (`role_id`, `menu_id`) VALUES (101, 2064);
INSERT INTO `sys_role_menu` (`role_id`, `menu_id`) VALUES (101, 2065);
INSERT INTO `sys_role_menu` (`role_id`, `menu_id`) VALUES (101, 2066);
INSERT INTO `sys_role_menu` (`role_id`, `menu_id`) VALUES (101, 2067);
INSERT INTO `sys_role_menu` (`role_id`, `menu_id`) VALUES (101, 2068);
COMMIT;

-- ----------------------------
-- Table structure for sys_user
-- ----------------------------
DROP TABLE IF EXISTS `sys_user`;
CREATE TABLE `sys_user` (
  `user_id` bigint NOT NULL AUTO_INCREMENT COMMENT '用户ID',
  `dept_id` bigint DEFAULT NULL COMMENT '部门ID',
  `user_name` varchar(30) CHARACTER SET utf8mb4 COLLATE utf8mb4_general_ci NOT NULL COMMENT '用户账号',
  `nick_name` varchar(30) CHARACTER SET utf8mb4 COLLATE utf8mb4_general_ci NOT NULL COMMENT '用户昵称',
  `user_type` varchar(2) CHARACTER SET utf8mb4 COLLATE utf8mb4_general_ci DEFAULT '00' COMMENT '用户类型（00系统用户）',
  `email` varchar(50) CHARACTER SET utf8mb4 COLLATE utf8mb4_general_ci DEFAULT '' COMMENT '用户邮箱',
  `phonenumber` varchar(11) CHARACTER SET utf8mb4 COLLATE utf8mb4_general_ci DEFAULT '' COMMENT '手机号码',
  `sex` char(1) CHARACTER SET utf8mb4 COLLATE utf8mb4_general_ci DEFAULT '0' COMMENT '用户性别（0男 1女 2未知）',
  `avatar` varchar(100) CHARACTER SET utf8mb4 COLLATE utf8mb4_general_ci DEFAULT '' COMMENT '头像地址',
  `password` varchar(100) CHARACTER SET utf8mb4 COLLATE utf8mb4_general_ci DEFAULT '' COMMENT '密码',
  `status` char(1) CHARACTER SET utf8mb4 COLLATE utf8mb4_general_ci DEFAULT '0' COMMENT '帐号状态（0正常 1停用）',
  `del_flag` char(1) CHARACTER SET utf8mb4 COLLATE utf8mb4_general_ci DEFAULT '0' COMMENT '删除标志（0代表存在 2代表删除）',
  `login_ip` varchar(128) CHARACTER SET utf8mb4 COLLATE utf8mb4_general_ci DEFAULT '' COMMENT '最后登录IP',
  `login_date` datetime DEFAULT NULL COMMENT '最后登录时间',
  `create_by` varchar(64) CHARACTER SET utf8mb4 COLLATE utf8mb4_general_ci DEFAULT '' COMMENT '创建者',
  `create_time` datetime DEFAULT NULL COMMENT '创建时间',
  `update_by` varchar(64) CHARACTER SET utf8mb4 COLLATE utf8mb4_general_ci DEFAULT '' COMMENT '更新者',
  `update_time` datetime DEFAULT NULL COMMENT '更新时间',
  `remark` varchar(500) CHARACTER SET utf8mb4 COLLATE utf8mb4_general_ci DEFAULT NULL COMMENT '备注',
  PRIMARY KEY (`user_id`) USING BTREE
) ENGINE=InnoDB AUTO_INCREMENT=102 DEFAULT CHARSET=utf8mb4 COLLATE=utf8mb4_general_ci ROW_FORMAT=DYNAMIC COMMENT='用户信息表';

-- ----------------------------
-- Records of sys_user
-- ----------------------------
BEGIN;
INSERT INTO `sys_user` (`user_id`, `dept_id`, `user_name`, `nick_name`, `user_type`, `email`, `phonenumber`, `sex`, `avatar`, `password`, `status`, `del_flag`, `login_ip`, `login_date`, `create_by`, `create_time`, `update_by`, `update_time`, `remark`) VALUES (1, 103, 'admin', '若依', '00', 'ry@163.com', '15888888888', '1', '', '$2a$10$7JB720yubVSZvUI0rEqK/.VqGOZTH.ulu33dHOiBE8ByOhJIrdAu2', '0', '0', '127.0.0.1', '2023-04-27 23:28:06', 'admin', '2023-04-20 19:54:30', '', '2023-04-27 23:28:05', '管理员');
INSERT INTO `sys_user` (`user_id`, `dept_id`, `user_name`, `nick_name`, `user_type`, `email`, `phonenumber`, `sex`, `avatar`, `password`, `status`, `del_flag`, `login_ip`, `login_date`, `create_by`, `create_time`, `update_by`, `update_time`, `remark`) VALUES (100, NULL, 'tianxieyuan', '填写员', '00', '', '', '0', '', '$2a$10$gcrtoAcCElNWKSsuqQpCcuV6zHQrACdKKv9/2HhLh7Oa8Oay3gZ32', '0', '0', '127.0.0.1', '2023-04-27 23:28:48', 'admin', '2023-04-26 22:56:25', '', '2023-04-27 23:28:48', NULL);
INSERT INTO `sys_user` (`user_id`, `dept_id`, `user_name`, `nick_name`, `user_type`, `email`, `phonenumber`, `sex`, `avatar`, `password`, `status`, `del_flag`, `login_ip`, `login_date`, `create_by`, `create_time`, `update_by`, `update_time`, `remark`) VALUES (101, NULL, 'shenheyuan', '审核员', '00', '', '', '0', '', '$2a$10$swtJ4N7oUGUNEzxiWb64meO0jG0XhzgyelbVmd8jteP1cjOD5YkN2', '0', '0', '127.0.0.1', '2023-04-27 23:30:32', 'admin', '2023-04-26 22:57:17', '', '2023-04-27 23:30:32', NULL);
COMMIT;

-- ----------------------------
-- Table structure for sys_user_post
-- ----------------------------
DROP TABLE IF EXISTS `sys_user_post`;
CREATE TABLE `sys_user_post` (
  `user_id` bigint NOT NULL COMMENT '用户ID',
  `post_id` bigint NOT NULL COMMENT '岗位ID',
  PRIMARY KEY (`user_id`,`post_id`) USING BTREE
) ENGINE=InnoDB DEFAULT CHARSET=utf8mb4 COLLATE=utf8mb4_general_ci ROW_FORMAT=DYNAMIC COMMENT='用户与岗位关联表';

-- ----------------------------
-- Records of sys_user_post
-- ----------------------------
BEGIN;
INSERT INTO `sys_user_post` (`user_id`, `post_id`) VALUES (1, 1);
COMMIT;

-- ----------------------------
-- Table structure for sys_user_role
-- ----------------------------
DROP TABLE IF EXISTS `sys_user_role`;
CREATE TABLE `sys_user_role` (
  `user_id` bigint NOT NULL COMMENT '用户ID',
  `role_id` bigint NOT NULL COMMENT '角色ID',
  PRIMARY KEY (`user_id`,`role_id`) USING BTREE
) ENGINE=InnoDB DEFAULT CHARSET=utf8mb4 COLLATE=utf8mb4_general_ci ROW_FORMAT=DYNAMIC COMMENT='用户和角色关联表';

-- ----------------------------
-- Records of sys_user_role
-- ----------------------------
BEGIN;
INSERT INTO `sys_user_role` (`user_id`, `role_id`) VALUES (1, 1);
INSERT INTO `sys_user_role` (`user_id`, `role_id`) VALUES (100, 100);
INSERT INTO `sys_user_role` (`user_id`, `role_id`) VALUES (101, 101);
COMMIT;

SET FOREIGN_KEY_CHECKS = 1;
